년,시도,시군,일별처리량,"소재지
(도로명 주소 및 지번주소 병기)",시설용량(톤/일)(A),유입BOD(mg/L),방류BOD(mg/L),유입COD(mg/L),방류COD(mg/L),유입SS(mg/L),방류SS(mg/L),유입T-N(mg/L),방류T-N(mg/L),유입T-P(mg/L),방류T-P(mg/L),유입대장균군수(개/mL),방류대장균군수(개/mL),처리효율
2018,제주시,제주시,10,제주특별자치도 제주시 한림읍 협재리 산 1-10,12,115.6,9.6,82.7,19.4,138.4,23.7,45.704,29.589,5.548,2.26,57583,136,91.7
2018,제주시,제주시,12,제주특별자치도 제주시 애월읍 유수암리 1043-3,16,108.5,3.9,52.7,6.1,135.4,3.9,30.81,14.965,4.333,2.179,447,40,96.4
2018,제주시,제주시,13,제주특별자치도 제주시 한림읍 협재리 산 1-10,30,98.8,3,113.4,6.3,184.5,4.5,11.984,7.914,2.694,1.195,625,81,97
2018,제주시,제주시,26,제주특별자치도 제주시 한림읍 월림리 291-8,35,83.3,2.8,37.3,5.1,130.8,3.8,9.72,4.401,1.984,0.807,442,42,96.6
2018,제주시,제주시,10,제주특별자치도 제주시 한림읍 금악리 3453,40,99.4,3.5,48.4,5.6,177.6,3.4,11.305,2.489,2.706,0.988,562,64,96.5
2018,제주시,제주시,33,제주특별자치도 제주시 우도면 연평리 2353-1,40,79.2,16.6,56.5,21.9,132.9,24.1,19.834,12.46,2.064,1.451,60416,158,79
2018,제주시,제주시,38,제주특별자치도 제주시 추자면 예초리 191-2,45,114.1,13.5,62,14.2,62.7,28.9,35.096,11.734,3.889,1.134,137818,292,88.2
2018,제주시,제주시,37,제주특별자치도 제주시 우도면 연평리 1787-1,45,104.3,13.9,58.1,36.8,112,40.3,25.479,13.851,2.654,1.586,55500,122,86.7
2018,제주시,제주시,24,제주특별자치도 제주시 우도면 연평리 674,45,129.5,18.2,57.1,25,127.3,17.7,44.715,30.122,4.359,2.895,57583,50,85.9
2018,제주시,제주시,55,제주특별자치도 제주시 우도면 연평리 290-10,60,91.7,15.3,44.8,12.9,72.7,12.9,28.913,15.402,4.519,2.393,74902,316,83.3
2018,제주시,제주시,82,제주특별자치도 제주시 추자면 묵리 729,100,139.6,7.4,65.9,9.6,119.8,11.1,44.253,18.902,6.288,2.811,109808,627,94.7
2018,제주시,제주시,51,제주특별자치도 제주시 우도면 연평리 2589-1,100,162.6,14.3,63.4,12.6,116.6,11.4,41.34,15.241,5.936,3.471,119074,713,91.2
2018,제주시,제주시,48,제주특별자치도 제주시 우도면 연평리 2430-4,100,157.6,17.7,78.3,16.7,136.8,27.7,51.167,17.34,6.953,2.096,136297,492,88.8
2018,제주시,제주시,87,제주특별자치도 제주시 추자면 신양리 560-2,100,123.2,16.6,61.5,15.8,105.6,23.3,36.13,20.236,5.042,2.472,118404,1115,86.5
2018,제주시,제주시,83,제주특별자치도 제주시 추자면 영흥리 7-12,100,194,15,85.4,14.8,177.7,36.8,45.14,16.811,6.469,1.913,143468,706,92.3
2018,제주시,제주시,213,제주특별자치도 제주시 추자면 대서리 2,300,214.8,10.1,90.8,11.6,202.4,12.9,48.734,14.314,171.629,3.796,132042,883,95.3
2018,제주시,제주시,9386.8,제주특별자치도 제주시 월정서로 162   ,12000,184.8,3.3,75.9,8.2,155.9,1.2,37.201,9.362,3.888,1.14,67273,47,98.2
2018,제주시,제주시,23840.7,제주특별자치도 제주시 한경면 판포리 1608 ,24000,196.8,6.6,102.5,9.1,248.6,3.6,37.731,9.519,3.665,0.998,113520,399,96.6
2018,제주시,제주시,129858.2,제주특별자치도 제주시 도두이동 849 ,130000,340.6,8.3,111.9,11.8,303.4,8.4,61.211,10.29,7.324,0.647,272509,278,97.6
2018,제주시,제주시,5.9,제주특별자치도 서귀포시 안덕면 상천리 산105,10,99.4,6.4,50.6,14,91,6.1,34.105,18.246,3.297,1.875,63307,524,93.6
2018,제주시,제주시,23,제주특별자치도 서귀포시 표선면 가시리 3802,23,81.1,3.3,49.1,14.4,44.8,3.4,36.169,21.949,4.275,2.856,24758,645,95.9
2018,제주시,제주시,25,제주특별자치도 서귀포시 표선면 중산간동로 5220번길 56,25,93.7,3.6,55.8,13.5,87.2,2.9,40.697,27.753,3.779,2.149,76800,320,96.2
2018,제주시,제주시,21,제주특별자치도 서귀포시 남원읍 위미리 1051-4,30,64.6,4.7,41,12.5,39.6,5.1,36.631,15.189,3.385,1.462,26666,406,92.7
2018,제주시,제주시,20,제주특별자치도 서귀포시 남원읍 한신로 185번길 98-25,30,73.8,4,46.8,12.2,55.8,4.7,37.727,14.453,3.956,1.527,32850,446,94.6
2018,제주시,제주시,30,제주특별자치도 서귀포시 남원읍 남원리 867,40,43.4,2.6,23.9,8.8,34.8,4.5,39.137,21.051,2.442,1.629,21700,395,94
2018,제주시,제주시,30,제주특별자치도 서귀포시 남원읍 신흥리 2482,45,72.2,4,45.1,12.6,596.9,5.9,34.679,15.286,4.654,1.41,19591,515,94.5
2018,제주시,제주시,44.1,제주특별자치도 서귀포시 대정읍 무릉리 1251-6,50,93.9,6.6,48.3,14,93.1,6.4,32.527,17.464,3.216,1.73,61604,533,93
2018,제주시,제주시,52.9,제주특별자치도 서귀포시 대정읍 무릉리 1811-4,60,91,6.1,46.3,13.1,84.2,5.6,32.082,17.074,3.235,1.735,62229,497,93.3
2018,제주시,제주시,40,제주특별자치도 서귀포시 남원읍 수망리 1090,70,111.6,4.4,59.6,14.8,84.5,3.8,41.796,13.766,4.605,1.445,45718,476,96.1
2018,제주시,제주시,64.3,제주특별자치도 서귀포시 대정읍 가파리 684,80,100.8,5.6,51.3,12.3,107.5,4.9,33.735,14.024,3.348,1.467,62333,514,94.4
2018,제주시,제주시,60.6,제주특별자치도 서귀포시 표선면 세화리 1808-5,80,121.5,4.6,67.4,15.8,120.7,4.8,44.633,14.128,5.168,1.48,54900,521,96.2
2018,제주시,제주시,62.6,제주특별자치도 서귀포시 대정읍 신평리 1252-1,90,87.2,6.1,45.6,13.2,77.3,5.9,31.792,16.961,3.19,1.738,58540,513,93
2018,제주시,제주시,54.6,제주특별자치도 서귀포시 대정읍 가파리 533-1,120,96,5.7,49.7,12.5,91.7,5.1,31.854,15.859,3.218,1.545,71687,471,94.1
2018,제주시,제주시,41.6,제주특별자치도 서귀포시 표선면 서성일로 22,120,109,4,58.1,18.4,98.4,5.1,38.657,15.391,4.571,1.485,38302,457,96.3
2018,제주시,제주시,145,제주특별자치도 서귀포시 안덕면 난드르로 21번길 31,150,91.7,6.2,47.3,14.1,87.1,6.1,32.529,17.569,3.25,1.711,61250,556,93.2
2018,제주시,제주시,7123.6,제주특별자치도 서귀포시 태신해안로 39   남원하수처리장,8000,129.2,3.1,82.9,16,167.9,2.2,36.349,7.384,4.135,1.147,48254,464,97.6
2018,제주시,제주시,5477.2,제주특별자치도 서귀포시 고성동서로 115   ,10000,185.2,3.5,80.1,16.2,165.2,2.9,33.046,6.267,5.853,1.028,318762,50,98.1
2018,제주시,제주시,12227.9,제주특별자치도 서귀포시 대정읍 하모리 125 ,13000,95.4,4.5,45,10.4,111.2,3.1,27.197,4.913,2.87,0.98,244687,463,95.3
2018,제주시,제주시,15851.1,제주특별자치도 서귀포시 보목로64번길 155   ,20000,133.9,27.6,78.1,28.5,85.9,23.4,37.139,22.719,3.124,1.746,90186,589,79.4
2018,제주시,제주시,15809.9,제주특별자치도 서귀포시 예래해안로 348   ,23000,149.5,14,97.1,20.4,134.1,12.1,38.686,18.178,3.794,1.422,77781,684,90.6
2017,제주시,제주시,10,제주특별자치도 제주시 조천읍 선흘리 1834-7,12,240.7,5,74.6,8.3,145.6,9,52.209,15.698,6.198,1.354,57875,217,97.9
2017,제주시,제주시,7,제주특별자치도 제주시 구좌읍 월정리 1321-1,12,248.3,6.2,83.2,10.4,195.5,7,40.334,11.08,6.427,1.026,49050,147,97.5
2017,제주시,제주시,12,제주특별자치도 제주시 애월읍 유수암리 1034-3,16,149.4,5.1,43.9,7.6,207.1,3.3,25.905,8.064,4.78,1.465,533,34,96.6
2017,제주시,제주시,13,제주특별자치도 제주시 한림읍 협재리 산1-10,30,119.3,3.5,45.3,9.9,584.1,6.1,15.055,5.807,3.046,0.887,537,72,97.1
2017,제주시,제주시,26,제주특별자치도 제주시 한림읍 월림리 291-8,35,125.6,3.6,30.4,6.6,177.1,2.9,17.355,5.545,2.669,0.907,446,43,97.1
2017,제주시,제주시,10,제주특별자치도 제주시 한림읍 금악리 3453,40,150.1,3.9,35.9,5,126.5,2.4,15.24,5.238,3.29,0.931,552,54,97.4
2017,제주시,제주시,33,제주특별자치도 제주시 우도면 오봉리 988-1,40,194.6,5.4,71.5,10.5,143,10.3,43.65,16.146,4.459,1.48,61666,315,97.2
2017,제주시,제주시,38,제주특별자치도 제주시 추자면 예초리 2589,45,132,4.9,42.1,5.2,74.6,3.8,36.328,10.218,4.262,1.312,100833,339,96.3
2017,제주시,제주시,37,제주특별자치도 제주시 우도면 천진리 1787-1,45,155.7,5.2,69.3,12.5,157.1,10.6,32.949,12.543,3.806,1.579,61000,251,96.7
2017,제주시,제주시,24,제주특별자치도 제주시 우도면 오봉리 674,45,187.8,4.4,70.1,11.9,171.8,5.7,44.445,10.866,5.022,1.346,111916,132,97.7
2017,제주시,제주시,35,제주특별자치도 구좌읍 덕천리 322,50,105.7,3.6,52.2,6.9,75,6.5,38.272,14.122,4.558,1.842,23900,217,96.6
2017,제주시,제주시,55,제주특별자치도 제주시 우도면 조일리 143,60,112.8,6,50.7,6.1,119,4.6,40.428,11.822,5.398,1.316,82741,630,94.7
2017,제주시,제주시,82,제주특별자치도 제주시 추자면 묵리 729,100,141.3,4.6,58.2,5,97,3.1,41.946,8.518,5.266,1.222,129584,554,96.7
2017,제주시,제주시,51,제주특별자치도 제주시 우도면 연평리 2589,100,206.6,4.5,76.2,5,218.3,3.8,61.25,9.42,8.963,1.203,139741,738,97.8
2017,제주시,제주시,48,제주특별자치도 우도면 서광리 2430-4,100,212.9,3.5,101.3,14.5,181.4,8.6,48.82,11.332,5.713,1.598,56833,204,98.4
2017,제주시,제주시,87,제주특별자치도 제주시 추자면 신양리 977,100,117,5.5,50.1,6.2,90.2,3.9,34.751,9.659,105.824,1.225,97053,442,95.3
2017,제주시,제주시,83,제주특별자치도 제주시 추자면 영흥리 7-12,100,153.2,5.2,60.2,5,100.6,3.3,49.767,13.852,5.865,1.335,129425,561,96.6
2017,제주시,제주시,213,제주특별자치도 제주시 추자면 대서리 2,300,122.8,4.5,54.4,5.4,101.7,3.8,40.662,11.895,4.774,1.363,112917,373,96.3
2017,제주시,제주시,8843.4,제주특별자치도 제주시 월정서로 162   ,12000,212,3.2,78.8,9,158.4,1.5,38.5,7.394,5.204,1.243,69131,25,98.5
2017,제주시,제주시,20243.1,제주특별자치도 제주시 한경면 판포리 1608 ,24000,176.6,3.4,87.7,9.5,257,2.4,26.518,7.579,4.265,1.168,111608,370,98.1
2017,제주시,제주시,122061,제주특별자치도 제주시 도리로 254 (도두이동) ,130000,238.6,9.4,99.1,13.8,229.2,9.4,56.857,20.615,7.547,1.006,113570,373,96.1
2017,제주시,제주시,7,제주특별자치도 서귀포시 안덕면 상천리 산105,10,118.9,7.3,60.2,15.8,105.3,7.4,34.4,18.1,3.4,1.9,67555,674,93.9
2017,제주시,제주시,18,제주특별자치도 서귀포시 표선면 가시리 3802,23,14.5,1.7,13.6,6.6,35.8,1.6,15.8,6.4,2.3,1.2,750,42,88.3
2017,제주시,제주시,20,제주특별자치도 서귀포시 표선면 중산간동로 5220번길 56,25,24.4,1.4,24,4.2,80.9,1,33.5,15.9,3.2,1.7,3140,4,94.3
2017,제주시,제주시,17,제주특별자치도 서귀포시 안덕면 동광리 5-127,25,112,7.2,58.4,15.9,102.5,5.6,32,17.4,3.2,1.8,62000,640,93.6
2017,제주시,제주시,23,제주특별자치도 서귀포시 남원읍 위미리 1051-4,30,21.6,4.2,21.7,6.2,34,3.2,23.3,8.8,3,1.3,1603,74,80.6
2017,제주시,제주시,22.9,제주특별자치도 서귀포시 남원읍 한신로 185번길 98-25,30,46.4,2.4,42.1,6.1,65.2,2.5,34.9,9,3.6,1.5,22821,152,94.8
2017,제주시,제주시,25,제주특별자치도 서귀포시 남원읍 남원리 867,40,27,2.9,23.2,7,26.4,5.6,24.4,13.5,2.4,1.5,9106,148,89.3
2017,제주시,제주시,30,제주특별자치도 서귀포시 남원읍 신흥리 2482,45,61.4,4.1,56.6,8.9,102.9,6.2,43,12.8,4.6,2,7574,62,93.3
2017,제주시,제주시,35,제주특별자치도 서귀포시 대정읍 무릉리 1251-6,50,106,6.6,54.2,13.8,106.3,6.9,32.4,17.6,3.2,1.7,66222,702,93.8
2017,제주시,제주시,45,제주특별자치도 서귀포시 대정읍 무릉리 1811-4,60,98.7,6,50.1,12.8,97.2,6.4,31.4,16.8,3.1,1.7,68648,591,93.9
2017,제주시,제주시,55,제주특별자치도 서귀포시 남원읍 수망리 1090,70,49.3,1.8,33.1,3.6,70,2.2,47.3,9,5.2,1.5,6940,48,96.3
2017,제주시,제주시,65,제주특별자치도 서귀포시 대정읍 가파리 684,80,119.8,5.2,62.1,11.2,135.7,5.5,33.7,13.5,3.3,1.3,70000,541,95.7
2017,제주시,제주시,65,제주특별자치도 서귀포시 표선면 세화리 1808-5,80,71,3.7,58.5,5.6,88.5,3.8,48.4,14,6.2,1.4,12499,146,94.8
2017,제주시,제주시,70,제주특별자치도 서귀포시 대정읍 신평리 1252-1,90,98.8,6.5,50.1,13.6,90.6,6.8,31.3,16.3,3.1,1.6,66888,606,93.4
2017,제주시,제주시,85,제주특별자치도 서귀포시 안덕면 동광리 1010-5번지,115,103.7,6.8,53.1,14,104,5.9,32.2,16,3.1,1.7,53142,552,93.4
2017,제주시,제주시,100,제주특별자치도 서귀포시 대정읍 가파리 533-1,120,107.5,6.1,54.9,13.3,110.7,6.2,31.4,15.7,3.2,1.5,65722,580,94.3
2017,제주시,제주시,85,제주특별자치도 서귀포시 표선면 서성일로 22,120,42.6,3.3,50.5,6.7,94.8,5.6,39.9,14.3,159.6,1.5,12276,73,92.3
2017,제주시,제주시,95,제주특별자치도 서귀포시 표선면 성읍정의현로 22번길 8-2,120,121.9,2.2,77.4,3.7,198,4.2,49.4,5.7,5.5,1.2,30994,51,98.2
2017,제주시,제주시,85,제주특별자치도 서귀포시 안덕면 난드르로 21번길 31,150,107,7,55.3,15.6,100.5,6.7,32.2,16.9,3.2,1.7,66305,679,93.5
2017,제주시,제주시,210, 제주특별자치도 서귀포시 표선면 서성일로 10번길 23-6,350,51.5,2.9,48.6,4.8,75.8,5.2,36.1,8.6,10.4,1.4,9445,138,94.4
2017,제주시,제주시,6494.1,제주특별자치도 서귀포시 태신해안로 39   남원하수처리장,8000,134.4,4,92.7,13.1,165.5,2.8,38.1,10.5,4.2,0.9,103743,485,97
2017,제주시,제주시,4810.4,제주특별자치도 서귀포시 고성동서로 115   ,10000,141.5,5.8,93,16.6,146.1,5,34.7,14.6,6.7,1.4,133606,506,95.9
2017,제주시,제주시,10071.8,제주특별자치도 서귀포시 대정읍 하모리 125 ,13000,105.2,4.5,52,9.1,121.2,3,28.5,7,3.1,0.8,117430,698,95.7
2017,제주시,제주시,14152.4,제주특별자치도 서귀포시 보목로64번길 155   ,20000,146.8,8,80.8,16.7,93.8,7.9,36.5,16.9,3.2,1.5,95915,552,94.6
2017,제주시,제주시,14241,제주특별자치도 서귀포시 예래해안로 348   ,23000,153,7.1,88.1,12.7,142.5,6.1,37.1,15,4,1,137344,658,95.4
2016,제주시,제주시,119553,제주시 도두2동 849번지,130000,169.1,11.8,82.3,15.1,132.6093023,7.661627907,55.733,28.309,9.137,1.077,63857,228,93.02188054
2016,제주시,제주시,8302,구좌읍 월정서로 162,12000,176.4,2.2,70.8,6.7,132.6093023,7.661627907,27.314,5.745,5.557,1.159,84076,20,98.75283447
2016,제주시,제주시,19374,한경면 판포리 1608,24000,141.8,2.7,78.9,9,132.6093023,7.661627907,23.545,6.16,4.218,1.197,108687,221,98.09590973
2016,제주시,제주시,10,금악리 3453,40,18.1,3.3,25,6.3,132.6093023,7.661627907,18.392,4.233,2.74,1.47,0,0,81.7679558
2016,제주시,제주시,26,월림리 291-8,35,10.6,2.9,16.8,5,132.6093023,7.661627907,15.098,4.019,1.763,1.103,0,0,72.64150943
2016,제주시,제주시,13,협재리 산1-10,30,11.4,2.9,18.1,5.3,132.6093023,7.661627907,22.031,6.831,2.744,1.227,0,0,74.56140351
2016,제주시,제주시,12,유수암리 1034-3,16,24.8,7.2,30.6,5.4,132.6093023,7.661627907,30.815,11.74,2.916,1.417,0,0,70.96774194
2016,제주시,제주시,7,월정리 1321-1,12,175.5,6.5,95.8,11.6,132.6093023,7.661627907,35.724,13.339,6.894,1.407,76879,265,96.2962963
2016,제주시,제주시,10,선흘2리 1834-7,12,183.1,5.8,69.3,11.9,132.6093023,7.661627907,34.012,14.172,5.612,1.574,75375,328,96.83233206
2016,제주시,제주시,38,저지리 2114-37,45,56.4,7.1,24.2,5.1,132.6093023,7.661627907,31.87,11.029,3.561,0.837,5325,35,87.41134752
2016,제주시,제주시,33,예초리 일원,40,202.6,5.6,85.9,19.7,132.6093023,7.661627907,32.176,12.707,6.582,1.272,72491,432,97.23593287
2016,제주시,제주시,24,오봉리 988-1,45,121.5,4.9,47.4,13.5,132.6093023,7.661627907,25.051,14.934,3.541,1.236,63510,59,95.96707819
2016,제주시,제주시,37,오봉리 674,45,140.3,5.3,48.8,14.4,132.6093023,7.661627907,22.712,10.812,3.501,1.301,60583,437,96.22238061
2016,제주시,제주시,24,천진리 1787-1,48,111,4.3,52.7,17.1,132.6093023,7.661627907,22.993,6.371,3.719,0.844,55355,66,96.12612613
2016,제주시,제주시,83,서광리 2430-4,100,67.5,6.4,34.6,4.1,132.6093023,7.661627907,33.541,11.509,4.064,1.005,5164,32,90.51851852
2016,제주시,제주시,213,영흥리 2-1,300,74.6,6.3,36.4,4.7,132.6093023,7.661627907,32.584,10.314,3.468,0.922,5241,29,91.55495979
2016,제주시,제주시,82,대서리 2,100,64.3,5.7,26.9,3.6,132.6093023,7.661627907,34.567,10.644,3.772,0.963,5060,32,91.13530327
2016,제주시,제주시,87,묵리 729,100,74.2,6,36,3.7,132.6093023,7.661627907,38.22,11.371,3.981,1.01,5243,36,91.91374663
2016,제주시,제주시,51,신양1리 977,100,76,6.8,38.5,4.8,132.6093023,7.661627907,51.159,11.51,4.921,1.048,5376,32,91.05263158
2016,제주시,제주시,55,산호사 일원,60,61,6.7,29.3,4.1,132.6093023,7.661627907,42.584,13.505,4.017,1.203,5174,31,89.01639344
2016,제주시,제주시,35,조일리 143,50,71.5,6.9,39.9,4.9,132.6093023,7.661627907,46.005,13.153,5.057,1.253,4874,34,90.34965035
2016,제주시,제주시,35,구좌읍 덕천리 322,50,65.2,7.1,43.4,7.6,132.6093023,7.661627907,47.968,13.459,5.086,1.319,0,0,89.11042945
2016,제주시,제주시,15168,보목동 1429,20000,135.1,5.3,72.6,10.3,132.6093023,7.661627907,25.837,14.261,2.73,0.986,93978,442,96.07698001
2016,제주시,제주시,13854,색달동 3217,23000,149,6.1,85.4,6.7,132.6093023,7.661627907,35.622,13.371,3.563,0.615,182522,456,95.90604027
2016,제주시,제주시,9724,대정읍 하모리125,10500,104.3,4.6,53.5,9.4,132.6093023,7.661627907,28.434,5.686,2.723,0.843,63729,463,95.58964525
2016,제주시,제주시,6089,남원읍 태흥리 73,8000,126.9,3.7,81.1,10.1,132.6093023,7.661627907,37.58,10.655,3.748,1,96017,376,97.08431836
2016,제주시,제주시,4069,성산읍 오조리 57-35,4000,154.3,4.4,49.9,12.4,132.6093023,7.661627907,39.913,10.975,4.194,1.318,112747,499,97.14841218
2016,제주시,제주시,23, 표선면 가시리 2339-1,25,19.1,1.3,24.2,6.4,132.6093023,7.661627907,20.325,14.192,3.231,1.595,640,12,93.19371728
2016,제주시,제주시,20,표선면 가시리 3802,23,17.2,2,21.3,10.8,132.6093023,7.661627907,19.317,12.323,2.771,1.515,375,22,88.37209302
2016,제주시,제주시,100,대정읍 가파리 533-1,120,77.1,4,39.9,8.6,132.6093023,7.661627907,25.496,11.834,2.521,1.411,37583,184,94.81193256
2016,제주시,제주시,8,안덕면 상천리 산 105,10,78.4,4.5,41.4,10.1,132.6093023,7.661627907,26.432,15.781,2.579,1.606,39250,174,94.26020408
2016,제주시,제주시,30,남원읍 남원리 867,40,31.7,2.7,41.9,9,132.6093023,7.661627907,29.78,14.045,3.48,1.574,14641,82,91.48264984
2016,제주시,제주시,85,안덕면 창천리 779,150,75.1,4.6,38.4,10,132.6093023,7.661627907,27.2,16.287,2.604,1.552,39833,223,93.87483356
2016,제주시,제주시,17,안덕면 동광리 5-127,25,76.5,4.4,39.9,9.5,132.6093023,7.661627907,25.518,15.548,2.497,1.486,35416,195,94.24836601
2016,제주시,제주시,90,안덕면 동광리 1010-5,115,83.1,4.2,42.3,9.4,132.6093023,7.661627907,27.12,15.182,6.783,1.566,40428,199,94.94584838
2016,제주시,제주시,70,대정읍 가파리 1251-6,60,90.5,4.2,47.7,9.1,132.6093023,7.661627907,28.579,10.617,2.862,1.185,40280,183,95.35911602
2016,제주시,제주시,40,대정읍 무릉리 1251-6,50,92.3,6.2,47.2,13.1,132.6093023,7.661627907,28.743,16.994,2.772,1.668,43416,229,93.28277356
2016,제주시,제주시,50,대정읍 무릉리 1811-4,60,79.2,4,40.5,8.4,132.6093023,7.661627907,26.622,14.176,2.669,1.551,37708,189,94.94949495
2016,제주시,제주시,70,안덕면 서광리 218-2,90,79.7,4.9,40.7,10.6,132.6093023,7.661627907,27.248,15.002,2.723,1.493,41604,213,93.85194479
2016,제주시,제주시,90,표선면 성읍리 3292,120,100.2,4.4,79.5,10,132.6093023,7.661627907,43.357,14.851,4.523,1.537,53134,305,95.60878244
2016,제주시,제주시,100,표선면 성읍리 987-1,120,230.2,3,148.8,6.8,132.6093023,7.661627907,62.266,9.411,6.989,1.546,95338,401,98.6967854
2016,제주시,제주시,200,표선면 성읍리 498,350,66.3,3.2,57.8,12.3,132.6093023,7.661627907,37.662,15.486,3.807,1.58,23287,248,95.173454
2016,제주시,제주시,70,표선면 세화1리 1808-5,80,75.8,5,70,13.9,132.6093023,7.661627907,45.548,15.567,7.876,1.618,27884,465,93.40369393
2016,제주시,제주시,60,남원읍 수망리 1090,70,49.1,3.4,55,8.7,132.6093023,7.661627907,35.735,13.649,3.958,1.53,23322,193,93.07535642
2016,제주시,제주시,75,대정읍 신평리 1252-1,90,70.6,4.1,36.3,9,132.6093023,7.661627907,26.249,13.838,2.573,1.538,35625,190,94.19263456
2016,제주시,제주시,30,남원읍 신흥리 2482,45,63,4.9,56.9,14.4,132.6093023,7.661627907,35.003,16.817,11.948,2.163,6971,67,92.22222222
2016,제주시,제주시,20,남원읍 위미리 1051-4,30,18.1,5.4,21.7,10.7,132.6093023,7.661627907,21.939,15.318,2.885,1.826,582,166,70.16574586
2016,제주시,제주시,20,남원읍 의귀리 2006,30,57,5,57.1,10.6,132.6093023,7.661627907,32.4,14.5,3.656,1.683,15517,292,91.22807018
2015,제주시,제주시,117137.4,제주시 도두2동 849번지,130000,162.2,8.8,87.2,13.2,132.6093023,7.661627907,50.999,22.201,6.799,0.853,64432,67,94.57459926
2015,제주시,제주시,7453,구좌읍 월정서로 162,12000,165.6,2.3,69.3,7,132.6093023,7.661627907,28.991,8.367,5.582,1.04,97160,11,98.61111111
2015,제주시,제주시,18364,한경면 판포리 1608,24000,128.3,2.8,80.7,9.3,132.6093023,7.661627907,29.596,6.662,4.643,1.206,109082,42,97.81761496
2015,제주시,제주시,10,금악리 3453,40,22.6,6.5,19.5,10.9,132.6093023,7.661627907,11.998,8.094,2.322,1.5,0,0,71.23893805
2015,제주시,제주시,26,월림리 291-8,35,28.5,7.2,26.8,8.8,132.6093023,7.661627907,13.439,5.933,2.14,1.3,0,0,74.73684211
2015,제주시,제주시,13,협재리 산1-10,30,14.1,6.3,27.5,7.1,132.6093023,7.661627907,14.683,6.673,1.986,1.344,0,0,55.31914894
2015,제주시,제주시,12,유수암리 1034-3,16,48.3,6.9,34.9,13.2,132.6093023,7.661627907,25.454,14.561,3.169,1.828,0,0,85.71428571
2015,제주시,제주시,7,월정리 1321-1,12,116.3,5.8,61.8,16.2,132.6093023,7.661627907,34.634,17.273,5.941,1.903,0,0,95.01289768
2015,제주시,제주시,10,선흘2리 1834-7,12,129.3,4.8,46.4,13.5,132.6093023,7.661627907,30.263,14.706,4.02,1.404,0,0,96.28770302
2015,제주시,제주시,13,저지리 2114-37,45,65.5,6.9,33.5,9.4,132.6093023,7.661627907,37.933,14.605,4.414,2.172,0,0,89.46564885
2015,제주시,제주시,38,예초리 일원,45,57,6.5,31.4,8.2,132.6093023,7.661627907,27.66,12.56,3.061,1.119,0,0,88.59649123
2015,제주시,제주시,33,오봉리 988-1,40,175,5.1,72.5,19.1,132.6093023,7.661627907,29.169,14.646,5.543,1.37,0,0,97.08571429
2015,제주시,제주시,24,오봉리 674,45,79.4,3.1,28.1,8.7,132.6093023,7.661627907,18.987,13.519,2.546,1.127,0,0,96.09571788
2015,제주시,제주시,37,천진리 1787-1,45,126,4.5,53.2,14.3,132.6093023,7.661627907,24.881,10.681,3.353,1.293,0,0,96.42857143
2015,제주시,제주시,24,서광리 2430-4,48,87.7,3.4,57.4,25,132.6093023,7.661627907,13.623,8.115,1.704,0.726,0,0,96.12314709
2015,제주시,제주시,83,영흥리 2-1,100,51,5.8,25.7,6.1,132.6093023,7.661627907,35.355,12.099,4.325,0.927,0,0,88.62745098
2015,제주시,제주시,213,대서리 2,300,57.5,6,20.7,5.5,132.6093023,7.661627907,24.936,8.685,3.114,0.49,0,0,89.56521739
2015,제주시,제주시,82,묵리 729,100,68.2,5.8,26.1,5.3,132.6093023,7.661627907,32.622,11.098,3.904,0.989,0,0,91.49560117
2015,제주시,제주시,87,신양1리 977,100,58.8,6.3,28.4,6.8,132.6093023,7.661627907,32.987,11.662,3.855,1.216,0,0,89.28571429
2015,제주시,제주시,51,산호사 일원,100,71.2,6.8,39.2,8.9,132.6093023,7.661627907,62.512,11.956,6.428,1.195,0,0,90.4494382
2015,제주시,제주시,55,조일리 143,60,53.9,5.5,27.4,5.1,132.6093023,7.661627907,37.499,14.663,3.637,1.448,0,0,89.79591837
2015,제주시,제주시,35,구좌읍 덕천리 322,50,65.2,7.1,43.4,7.6,132.6093023,7.661627907,47.968,13.459,5.086,1.319,0,0,89.11042945
2015,제주시,제주시,15194,보목동 1429,20000,127.6,5.2,59.4,11.1,132.6093023,7.661627907,22.177,12.252,2.547,0.966,66027,333,95.92476489
2015,제주시,제주시,10526,색달동 3217,23000,129.3,7,65.2,11,132.6093023,7.661627907,37.629,10.516,4.03,0.981,53545.2,587.3,94.58623357
2015,제주시,제주시,9879,대정읍 하모리125,10500,88,3.9,52.3,7.6,132.6093023,7.661627907,31.205,6.957,2.962,0.986,43572,239,95.56818182
2015,제주시,제주시,5676,남원읍 태흥리 73,8000,121.4,2.8,79.6,10.5,132.6093023,7.661627907,37.65,11.719,4.03,1.018,26820,301,97.69357496
2015,제주시,제주시,3651,성산읍 오조리 57-35,4000,136.5,5.3,41.2,9.7,132.6093023,7.661627907,30.792,13.913,4.395,1.132,60513,237,96.11721612
2015,제주시,제주시,23, 표선면 가시리 2339-1,25,13.5,1.1,20.7,7.3,132.6093023,7.661627907,27.213,13.971,3.422,1.736,389,53,91.85185185
2015,제주시,제주시,20,표선면 가시리 3802,23,54.2,1.8,51.9,9.1,132.6093023,7.661627907,80.088,17.199,5.184,1.99,293,153,96.67896679
2015,제주시,제주시,100,대정읍 가파리 533-1,120,47.4,6.2,67.3,4.6,132.6093023,7.661627907,20.034,10.73,2.019,1.126,26416,66,86.91983122
2015,제주시,제주시,8,안덕면 상천리 산 105,10,43.9,6.7,62.5,4.5,132.6093023,7.661627907,19.391,9.413,2.078,1.182,26000,86,84.738041
2015,제주시,제주시,30,남원읍 남원리 867,40,35.4,3.3,46,11,132.6093023,7.661627907,41.856,15.603,3.832,2.049,2423,160,90.6779661
2015,제주시,제주시,85,안덕면 창천리 779,150,44.6,5.9,62.1,4.4,132.6093023,7.661627907,19.997,10.349,1.949,1.074,27916,66,86.77130045
2015,제주시,제주시,17,안덕면 동광리 5-127,25,48.2,6.7,66.6,4.8,132.6093023,7.661627907,20.407,9.89,2.153,1.142,28666,60,86.09958506
2015,제주시,제주시,90,안덕면 동광리 1010-5,115,51.2,4.1,55,6,132.6093023,7.661627907,22.888,10.367,2.383,1.251,26250,55,91.9921875
2015,제주시,제주시,70,대정읍 가파리 1251-6,60,37.9,7.3,74.3,3.6,132.6093023,7.661627907,20.083,10.066,1.991,1.143,0,0,80.73878628
2015,제주시,제주시,40,대정읍 무릉리 1251-6,50,52.8,7.4,74.3,6.1,132.6093023,7.661627907,21.823,12.45,2.2,1.286,29583,102,85.98484848
2015,제주시,제주시,50,대정읍 무릉리 1811-4,60,48,6.2,67.4,4.3,132.6093023,7.661627907,20.429,11.048,2.047,1.135,27270,70,87.08333333
2015,제주시,제주시,70,안덕면 서광리 218-2,90,48,6.9,67.8,5.2,132.6093023,7.661627907,20.505,11.86,2.058,1.164,29083,70,85.625
2015,제주시,제주시,90,표선면 성읍리 3292,120,39.6,1.7,52.5,8.1,132.6093023,7.661627907,28.967,13.809,3.137,1.635,3080,97,95.70707071
2015,제주시,제주시,100,표선면 성읍리 987-1,120,233.3,1.5,315.6,7.9,132.6093023,7.661627907,93.268,7.188,18.635,1.22,9900,196,99.35705101
2015,제주시,제주시,200,표선면 성읍리 498,350,87.9,2.2,80.6,11.1,132.6093023,7.661627907,40.416,16.075,4.54,1.772,2857,111,97.49715586
2015,제주시,제주시,70,표선면 세화1리 1808-5,80,164.6,4.6,192.5,13.1,132.6093023,7.661627907,117.054,14.714,13.75,1.598,3268,94,97.20534629
2015,제주시,제주시,60,남원읍 수망리 1090,70,27.8,2.3,40.6,7.2,132.6093023,7.661627907,35.264,13.632,3.457,1.54,3910,127,91.72661871
2015,제주시,제주시,75,대정읍 신평리 1252-1,90,44.1,6.2,62.6,4.4,132.6093023,7.661627907,19.303,9.614,1.911,1.012,24500,57,85.94104308
2015,제주시,제주시,30,남원읍 신흥리 2482,45,135.4,1.5,169.3,9.7,132.6093023,7.661627907,86.993,15.752,8.551,2.26,728,66,98.89217134
2015,제주시,제주시,20,남원읍 위미리 1051-4,30,11.5,3.9,25.4,8.7,132.6093023,7.661627907,23.358,14.644,3.525,2.139,350,152,66.08695652
2015,제주시,제주시,20,남원읍 의귀리 2006,30,48.5,1.6,80,7.3,132.6093023,7.661627907,41.748,11.65,5.682,1.658,1226,31,96.70103093
