시군,일별처리량,시설용량(톤/일)(A),유입BOD(mg/L)평균,방류BOD(mg/L)평균,"평균
처리효율
(%)",유입COD(mg/L)평균,방류COD(mg/L)평균,유입SS(mg/L)평균,방류SS(mg/L)평균,유입T-N(mg/L)평균,방류T-N(mg/L)평균,유입T-P(mg/L)평균,방류T-P(mg/L)평균,방류대장균군수(개/mL)평균,년
강릉시,1585.0,2600.0,3885.1,1.2,0.999691127641502,1400.6,9.3,1380.3,1.3,419.29,11.995,66.92,0.208,0.0,2015
거창군,170.15068493150685,1300.0,138.5,1.5,0.9891696750902528,134.5,7.1,371.4,2.9,34.79,8.5,4.211,0.1,6.0,2015
경산시,82012.0,100000.0,162.9,3.7,0.9772866789441376,95.4,9.2,160.1,2.9,39.663,10.863,4.435,0.116,216.0,2015
경주시,89.0,200.0,226.5,3.9,0.9827814569536424,151.4,17.2,94.3,3.3,58.0,14.8,4.439,0.9,191.0,2015
고령군,1230.063698630137,1730.0,975.9,3.3499999999999996,0.8118331334709399,602.3,13.0,230.32500000000002,3.487,48.151,4.5305,8.286,0.0695,60.9375,2015
고성군,414.51027397260276,610.0,974.8699999999999,2.85,0.9945403170166911,361.45,14.899999999999999,250.95,1.75,181.3065,7.111,10.142,0.662,146.0,2015
고흥군,151.0,400.0,908.6,2.6,0.9971384547655734,563.8,6.2,388.2,1.8,59.12300000000001,7.729,27.894,1.766,42.5,2015
공주시,264.2246575342466,682.0,732.0219999999999,2.757,0.9947393051466904,291.25,12.761,476.03099999999995,3.134,96.098,20.5032,11.2656,2.73836,28.18,2015
광양시,1676.0,3200.0,66.6,6.8,0.8978978978978979,71.4,17.6,196.1,3.2,43.68,8.5,3.69,0.58,1.0,2015
괴산군,109.8,250.0,122.0,0.8,0.9934426229508196,70.0,4.7,97.0,2.0,29.0,12.0,5.6,0.2,47.0,2015
구례군,264.3835616438356,350.0,350.8,4.3,0.9795518723143032,229.29999999999998,11.149999999999999,239.5,2.35,19.3355,5.1815000000000015,1.428,0.14,109.0,2015
구미시,331.5068493150685,540.0,645.0,0.8,0.9987596899224808,338.0,5.9,214.0,5.4,42.589,4.855,6.752999999999999,0.063,0.0,2015
군산시,8607.094520547947,15150.0,174.35000000000002,3.4000000000000004,0.9784384388122624,170.65,10.45,136.8,1.9,46.503,11.6825,5.822,0.411,48.45,2015
군위군,274.83287671232875,600.0,1939.95,3.45,0.8904033032027675,1394.25,6.65,406.15000000000003,2.75,43.995,8.332,19.4445,0.2475,23.5,2015
금산군,678.3106164383563,770.0,94.22,5.6625,0.9154523701871872,85.6,7.2325,117.66,5.005,24.5025,7.968,4.2995,0.141775,287.625,2015
기장군,416.0,1000.0,246.6,6.4,0.9740470397404704,134.6,9.3,75.8,2.2,76.43,7.392,10.285,0.28600000000000003,379.0,2015
김제시,279.45205479452056,450.0,452.0,9.6,0.9787610619469028,178.6,21.7,308.6,5.3,80.542,13.634,13.392,1.3430000000000002,900.0,2015
김포시,1898.0,3400.0,306.8,2.0,0.9934810951760104,148.9,9.3,213.5,0.7,67.456,7.338999999999999,7.315,0.022,153.0,2015
김해시,169.24383561643836,390.0,99.56666666666666,4.733333333333333,0.9518702389697474,90.63333333333333,10.933333333333332,102.03333333333335,5.066666666666666,45.004999999999995,13.231666666666667,4.497,0.21033333333333334,242.66666666666666,2015
나주시,293.1506849315069,1200.0,451.2,3.4,0.9924645390070922,317.5,3.7,494.5,1.4,43.9,4.48,14.8,0.08,62.2,2015
논산시,637.8424657534247,1225.0,517.5,4.0,0.9904292154495726,486.15,9.05,324.3,2.6,54.623,6.5905000000000005,17.1145,0.1115,224.0,2015
단양군,15.0,110.0,56.04,2.19,0.9609207708779444,31.54,4.31,33.51,1.72,43.64,15.71,14.22,0.27,55.0,2015
달서구,36980.82191780821,60000.0,231.3,0.6,0.9974059662775616,170.4,12.3,116.2,1.0,30.024,8.246,1.469,0.14400000000000002,75.0,2015
달성군,5919.523972602739,8875.0,165.975,1.2750000000000001,0.9922871221539291,112.475,5.1,158.6,1.75,37.218,7.36575,5.3145,0.06425,611.5,2015
당진시,1614.0705479452054,2650.0,210.575,2.575,0.9876522433460658,142.89999999999998,6.825,131.325,4.775,25.642500000000002,8.318000000000001,2.79825,0.7474999999999999,130.5,2015
대덕구,52013.69863013698,60000.0,113.6,1.6,0.9859154929577464,99.7,14.6,149.4,4.8,31.067,12.693,2.91,0.115,93.0,2015
동해시,1900.0,6500.0,2168.5,3.1,0.9985704403965876,879.7,13.3,1575.5,3.8,266.329,11.388,59.72,0.337,388.0,2015
무안군,175.34246575342468,475.0,345.70000000000005,4.75,0.9864046664522688,185.2,12.55,461.15,6.2,31.621499999999997,6.928,11.453,1.4794999999999998,108.0,2015
보령시,264.20091324200916,533.3333333333334,48.96666666666667,4.1000000000000005,0.9101648421905821,58.0,6.566666666666666,27.5,2.5333333333333337,25.621,4.203333333333333,1.8546666666666667,0.4323333333333333,487.0,2015
봉화군,169.86301369863008,350.0,1319.0,2.49,0.9981122062168308,705.7,12.16,228.5,5.84,81.5,3.74,25.0,0.34,613.3,2015
부산시,67.67123287671232,1600.0,100.3,4.6,0.9541375872382852,145.0,7.6,145.0,4.2,38.9,10.3,6.0,1.1,12.0,2015
부안군,2731.564383561644,5100.0,461.9,2.1,0.9954535613769214,173.8,11.4,303.9,5.4,109.495,19.912,5.6960000000000015,0.063,40.0,2015
부여군,50.13698630136986,200.0,280.6,1.5,0.9946543121881682,556.0,5.3,139.8,2.8,35.2,4.9,0.672,0.044,15.8,2015
사천시,1245.2054794520548,2925.0,348.7,2.7089583333333334,0.9932231942438421,139.97,9.387777777777778,88.295,4.164594907407407,34.084434953703706,6.286224537037038,4.270476620370371,0.4044226851851852,456.1701388888889,2015
산청군,31.0,50.0,0.9,0.78,0.1333333333333333,1.56,1.21,0.92,0.38,1.319,1.408,0.018000000000000002,0.014,0.0,2015
상주시,252.8958904109589,450.0,51.1,0.9,0.9823874755381604,47.2,5.1,65.5,4.8,11.205,3.832,1.234,0.13,94.0,2015
서귀포시,1776.6923076923076,2584.730769230769,73.86923076923077,4.357692307692309,90.92946591807693,78.18076923076922,7.626923076923076,132.60930229999997,7.661627906999998,37.713,12.130038461538458,4.325692307692308,1.3921153846153849,137.28076923076924,2015
서산시,813.817808219178,3937.5,310.975,3.0374999999999996,0.9854050531474907,176.57500000000002,8.335,195.27500000000003,2.8875,51.20975,10.17825,5.0585,0.832,97.72775,2015
서천군,315.50410958904115,1000.0,432.025,2.06,0.9944542034331737,200.325,9.36,256.5,3.635,45.869,7.7995,6.910499999999999,0.65,273.5,2015
성주군,579.1780821917808,1616.6666666666667,72.96666666666667,6.1000000000000005,0.8624998491141467,60.73333333333333,13.424999999999999,77.16666666666667,2.622666666666667,13.602400000000001,4.6814100000000005,1.3969333333333334,0.048666666666666664,26.333333333333332,2015
세종시,1031.867397260274,1610.0,311.69999999999993,2.6100000000000003,0.9889071815894868,136.01500000000001,9.004999999999999,168.64000000000001,4.11,37.546600000000005,8.724,4.022,0.22000000000000003,206.13400000000001,2015
속초시,831.9,4000.0,2816.3,3.2,0.9988637574122076,1092.6,18.2,1068.6,0.9,325.8,18.6,52.4,1.5,0.0,2015
아산시,25340.223091976517,41442.857142857145,631.17,1.2557142857142856,0.9936179958452515,242.38551428571427,8.887142857142857,85.08571428571429,1.252857142857143,40.624,8.150714285714285,7.691142857142856,0.30242857142857144,22.86285714285714,2015
안동시,1319.0,1500.0,296.1,1.9,0.9935832489023978,214.9,7.1,168.7,1.8,26.64,3.603,5.109,0.058,39.0,2015
안성시,3204.55,7000.0,91.05000000000001,1.1,0.9878843487875277,69.95,7.5,84.45,3.2,23.3245,9.0495,2.2910000000000004,0.3075,241.0,2015
양산시,4802.739726027397,11500.0,342.45,3.25,0.9910413295679059,252.14999999999998,11.4,172.5,2.4000000000000004,30.179499999999997,8.752500000000001,5.813500000000001,0.028499999999999998,106.0,2015
양양군,527.0,1200.0,733.0,6.1,0.9916780354706684,610.4,14.97,659.3,1.13,194.879,9.01,24.336,0.36,66.0,2015
양주시,4662.5,12000.0,526.915,3.0925000000000002,0.9940788978440955,305.75,16.2,265.75,4.65,78.5295,10.8845,5.678000000000001,0.0455,56.5,2015
여수,49825.650684931505,67500.0,76.09424657534245,1.9815068493150685,0.9740040063883542,105.85136986301366,15.235890410958907,124.59958904109588,4.554657534246575,29.067379452054787,10.594073972602736,3.015536986301369,0.5187876712328766,83.3917808219178,2015
여수시,1128.7671232876712,3500.0,59.3,2.8,0.9527824620573356,72.9,17.7,61.6,0.8,34.68,12.034,2.471,0.133,2.0,2015
연천군,5962.0,9750.0,214.15,10.4,0.9642855787296225,226.85,23.65,78.6,11.45,23.2675,8.6515,2.3735,0.08399999999999999,7.5,2015
영광군,39.5,1050.0,120.1,7.1,0.9250485009905711,70.4,19.35,87.7,6.15,38.378,16.8245,3.9455,1.012,4.0,2015
영암군,1880.821917808219,3900.0,132.75,1.2,0.9913655097244456,103.4,6.8,127.0,2.3,24.4465,9.012999999999998,4.752,0.249,69.0,2015
영양군,57.534246575342465,650.0,270.0,2.2,0.9918518518518521,228.0,8.7,209.1,5.7,30.356,8.267999999999999,6.647,0.123,0.0,2015
영월군,32.96666666666666,430.0,367.55,3.2,0.9912937015372059,231.79166666666663,9.6,232.85,1.458333333333333,57.76808333333333,15.195166666666667,13.675083333333333,0.18016666666666667,31.91666666666667,2015
영천시,699.5,1300.0,49.5,2.75,0.9132638225397749,56.85,6.8,99.95,5.35,34.419,10.780999999999999,2.238,0.34199999999999997,217.0,2015
예산군,254.8698630136986,1237.5,300.35,4.3500000000000005,0.9820416580682908,162.8,19.625,308.15,9.9,43.467,12.23975,5.059,1.0365000000000002,294.375,2015
예천군,232.80273972602745,450.0,346.1,5.6,0.9838197052874892,275.5,22.1,369.6,6.6,21.953000000000007,4.11,2.568,0.181,64.0,2015
옥천군,7.5454794520547965,500.0,56.2,5.72,0.898220640569395,46.1,3.99,13.1,2.37,23.34,5.81,2.0,0.22,24.0,2015
완도군,495.8904109589041,1750.0,120.8,3.3,0.972682119205298,84.9,7.0,57.5,2.2,39.43,10.511,6.24,0.528,87.0,2015
완주군,11246.575342465754,27000.0,168.4,1.0,0.994061757719715,98.7,10.5,231.8,1.6,30.952,4.622,2.333,0.041,42.64,2015
울주군,57882.19178082192,85000.0,76.19561643835611,0.9915068493150676,0.9869873505109416,106.25698630136988,21.53013698630138,85.45917808219178,2.594520547945205,21.284139726027398,8.98780273972602,2.190602739726027,0.14141095890410962,586.7397260273972,2015
원주시,1289.5,1950.0,164.7,1.75,0.9893529061416111,121.5,7.300000000000001,210.4,0.55,30.5995,8.6625,4.3235,0.0915,71.0,2015
음성군,1726.3333333333333,2800.0,199.13333333333333,2.6333333333333333,0.9687465855860945,143.33333333333334,8.216666666666667,158.01666666666665,3.3000000000000003,33.51616666666667,5.853666666666666,6.998,0.13316666666666668,98.5,2015
의령군,426.0986301369863,900.0,1212.6,1.9,0.9984331189180272,670.0,5.0,815.0,1.2,111.384,4.8439999999999985,13.81,0.049,127.0,2015
익산시,5986.373287671233,10437.5,70.69999999999999,3.5,0.8296075620227823,65.4,7.95,174.07500000000002,3.425,21.53525,6.824750000000001,2.593,0.04475,49.25,2015
인제군,100.0,250.0,499.3,3.4,0.9931904666533148,444.0,15.5,223.5,1.4,42.57899999999999,5.252999999999999,5.776,0.057,10.0,2015
인천시,1678.0,3000.0,405.0,114.0,0.7185185185185186,274.0,60.0,348.0,39.0,56.0,28.0,11.3,1.4,2300.0,2015
장성,143.01643835616437,300.0,211.5,1.2,0.9943262411347518,131.2,6.1,245.3,4.8,45.112,5.332999999999998,5.6,0.276,390.0,2015
장흥군,62.158904109589045,2000.0,1268.0,1.2,0.9990536277602524,543.0,5.8,341.0,0.5,158.592,7.995,31.163,0.042,13.9,2015
전주시,6.575342465753424,230.0,3721.0,5.5,0.9985219027143242,3807.0,12.5,3459.0,5.0,77.0,6.0,10.0,0.0,340.0,2015
정선군,32.2,250.0,236.6,2.0,0.9915469146238376,116.9,4.8,210.4,1.8,38.333,5.2189999999999985,4.323,0.132,0.0,2015
정읍시,283.5095890410958,600.0,172.1,2.3,0.9866356769320164,134.3,7.6,183.2,2.2,31.152,13.525,10.542,0.094,476.0,2015
제주시,6536.7,7601.045454545455,83.25454545454546,5.645454545454544,89.15628188454546,42.77727272727273,10.41818181818182,132.60930229999997,7.661627906999999,30.28131818181819,11.919,3.980545454545455,1.2622272727272728,5.454545454545454,2015
증평군,1961.6438356164385,2500.0,41.1,0.41,0.9900243309002432,31.3,5.3,57.8,0.2,30.972,8.288,0.546,0.048,30.0,2015
진주시,7865.331506849315,11083.333333333334,182.4333333333333,2.5666666666666664,0.9854700645290743,140.6,8.833333333333334,213.5,2.148,49.515666666666675,8.796,5.131333333333333,0.11800000000000001,5.666666666666667,2015
진천군,4571.094520547945,10350.0,86.475,3.1275,0.9594425119614036,80.49946500000001,6.6483810000000005,106.43816000000001,2.0014685,32.49958,7.763828,3.7467794999999997,0.10208500000000001,62.14513149999999,2015
창녕군,327.9397260273973,1200.0,84.2,1.9,0.9774346793349168,69.2,5.8,129.5,1.9,25.363000000000003,3.59,3.255,0.079,30.0,2015
창원시,575.0,2000.0,146.3,0.7,0.9952153110047848,76.7,4.2,86.1,0.8,46.83,3.812,4.297,0.041,2.0,2015
천안시,7420.600547945205,12840.0,87.25625809032034,1.2071875,0.9847498169623427,62.681084029985584,6.040383561643836,83.52878394955484,1.3968219178082195,26.72486896206064,8.47373698630137,3.1140798214191427,0.5342235616438356,29.68333333333333,2015
청도군,222.0,600.0,299.27,1.73,0.994219266882748,136.93,8.72,313.02,2.48,15.111,2.568,1.793,0.025,101.0,2015
청양군,372.60273972602744,500.0,636.535,2.32,0.9714388742743911,575.6,11.4,675.25,3.1350000000000002,47.165,2.145,7.3950000000000005,0.265,15.44,2015
청주시,17144.384931506847,27937.5,326.303493150685,1.7365547945205486,0.9887415486441916,156.1241461741683,7.072806602739726,167.55547945205478,1.9515890410958903,38.02798470455203,7.134797101263547,4.969024891250401,0.058069371741916856,66.04807692307692,2015
충주시,1020.9533333333333,3433.3333333333335,121.13333333333333,3.3333333333333335,0.9681870304476229,60.63333333333333,11.1,51.699999999999996,2.6999999999999997,23.55633333333333,8.915000000000001,1.7873333333333337,0.15733333333333333,2.3333333333333335,2015
칠곡군,98.83561643835615,400.0,147.6,0.95,0.9935636856368564,142.81,3.9,56.37,4.26,26.34,15.05,2.62,0.04,0.0,2015
통영,1568.1150684931506,3000.0,259.9,1.6,0.993843786071566,155.7,5.0,243.5,1.1,50.721,6.065,7.104,0.033,30.0,2015
파주시,39314.25,53047.5,164.175,1.95,0.9869953559968285,175.85000000000002,10.7,122.0,2.675,28.17725,5.42125,2.097,0.07950000000000002,28.75,2015
평창군,80.16,200.0,991.8,0.8,0.9991933857632588,896.6,23.7,646.7,2.8,96.555,4.301,17.267,0.092,8.0,2015
평택시,2050.3,4075.0,164.41750000000002,1.3665,0.9912017785354279,90.95,7.525,127.125,1.5,29.856,8.143,3.7195,0.10025,52.6,2015
포천시,10620.0,14000.0,355.2,7.88,0.9778153153153152,342.6,20.09,134.19,2.63,29.78,9.58,16.0,0.1,45.0,2015
포항시,52.0,350.0,246.8,2.6,0.9894651539708266,173.2,15.1,204.9,2.4,35.579,6.975,3.596,1.135,195.0,2015
함안군,2519.5705479452054,4125.0,131.375,2.625,0.9550864424605295,109.05,10.875,209.60000000000002,2.975,32.51575,8.34825,4.6845,0.122,198.0125,2015
함평군,110.0,400.0,6.5,6.2,0.0461538461538461,63.7,27.1,165.0,9.8,67.9,42.3,4.9,2.6,56.0,2015
합천군,502.30821917808225,1700.0,89.03,8.315,0.8781453640348706,77.28500000000001,20.4,45.5,8.135,16.188499999999998,6.30315,2.7058500000000003,0.351,428.5,2015
해남군,52.05479452054794,200.0,10.5,4.2,0.6,18.3,8.7,20.0,4.7,17.68,15.179,2.32,1.443,21.0,2015
홍성군,85.89041095890411,350.0,173.75,3.8,0.9732808988764046,126.9,7.8500000000000005,162.3,2.5999999999999996,49.605000000000004,11.98,3.657,0.517,208.4,2015
홍천군,77.0,260.0,988.2,26.7,0.9729811778992108,475.5,21.4,355.9,2.6,32.0,2.0,14.0,0.0,0.0,2015
화성시,1145.6666666666667,2500.0,147.47671232876715,2.2895890410958892,0.9841792985821218,104.83604803652968,7.48514803652968,142.27872146118725,2.0845662100456614,40.80613826484017,5.428925114155249,4.687171050228311,0.06722009132420093,20.0,2015
화순군,249.31506849315068,1200.0,89.6,3.8,0.9575892857142856,63.5,7.9,83.7,4.0,21.626,9.723,3.437,0.115,225.0,2015
횡성군,435.0,680.0,438.9,2.1,0.9952153110047848,265.1,10.8,319.5,1.7,41.128,6.595,4.487,0.165,11.6,2015
강릉시,73.0,2600.0,3987.4,1.2,1.0,1486.6,11.8,1510.1,1.6,454.771,12.220999999999998,69.952,0.234,0.0,2016
거창군,1838.0,1300.0,774.8,1.36,0.999,761.4,13.3,1800.1,1.3,112.117,2.082,20.694000000000006,0.051,19.0,2016
경산시,85.0,100000.0,164.6,4.3,0.974,97.5,8.9,151.4,2.1,38.89,10.196,4.329,0.06,336.0,2016
경주시,159.0,200.0,203.7,3.1,0.985,89.4,15.2,44.0,2.3,69.13,8.32,4.327,0.429,99.0,2016
고령군,3093.5,1325.0,1962.8,2.65,0.7395,1282.2,8.1,303.65,3.0845000000000002,95.298,4.6975,18.297,0.055,239.0,2016
고성군,1168.7,610.0,903.25,2.8,0.9944999999999999,274.85,16.45,188.25,1.95,194.084,9.987499999999999,7.5845,1.0425,168.0,2016
고흥군,656.0,400.0,1042.8,4.6,0.996,501.6,8.9,591.5,2.7,36.335,9.446,18.768,1.6880000000000002,79.7,2016
공주시,481.2,682.0,632.04,2.5799999999999996,0.9880000000000001,327.94960000000003,9.66,348.98,2.8266,77.11000000000001,12.610400000000002,7.9392,0.21319999999999997,27.2,2016
광양시,181.0,3200.0,84.5,4.1,0.952,64.1,18.3,130.7,1.5,53.87300000000001,4.899,3.263,0.569,4.0,2016
괴산군,298.0,250.0,113.1,0.8,0.993,85.7,4.9,208.9,1.9,35.499,10.985,7.711,0.168,271.3,2016
구례군,682.5,350.0,344.1565,5.7700000000000005,0.9764999999999999,124.44999999999999,6.5600000000000005,296.17125,2.1704,16.867,6.04465,1.8714585,0.174271,203.41649999999998,2016
구미시,237.0,540.0,581.9,1.4,0.998,394.8,7.3,174.7,4.2,45.632,6.414,6.269,0.062,14.0,2016
군산시,144.5,15150.0,244.0,2.8,0.9875,165.45,13.05,164.85000000000002,2.7,64.1795,11.654499999999999,5.0535,0.20950000000000002,11.5,2016
군위군,39.0,200.0,17.5,1.8,0.898,22.1,4.1,19.1,2.7,9.975,7.457000000000002,0.565,0.228,0.0,2016
금산군,24644.25,770.0,84.73750000000001,2.125,0.83775,98.2575,4.942500000000001,214.3275,3.845,28.213250000000002,7.186,5.70925,0.11149999999999999,261.5,2016
기장군,293.0,1000.0,172.2,5.52,0.968,121.3,9.84,52.79,3.07,65.964,7.007999999999999,6.392,0.555,104.0,2016
김제시,141.0,450.0,175.9,10.3,0.942,145.2,17.6,232.0,6.6,74.358,18.204,7.1110000000000015,1.705,0.0,2016
김포시,10015.0,3400.0,344.6,2.2,0.994,149.0,6.6,262.3,0.6,76.595,8.177,8.47,0.034,68.0,2016
김해시,4263.333333333333,390.0,114.23333333333335,4.266666666666667,0.963,78.93333333333334,13.266666666666666,62.593333333333334,4.956666666666666,37.518,12.419666666666666,4.847,0.171,374.0,2016
나주시,19010.5,735.0,332.45,2.3499999999999996,0.992,282.5,7.65,469.65,2.9,41.716499999999996,4.093,13.987,0.1605,88.0,2016
논산시,58.0,933.3333333333334,684.6999999999999,8.933333333333334,0.9893333333333333,577.8333333333334,11.766666666666666,416.3333333333333,3.9249999999999994,60.553333333333335,5.958666666666666,7.373666666666666,0.11699999999999999,270.3333333333333,2016
단양군,2597.0,110.0,71.5,3.3,0.96,37.8,3.4,39.7,2.7,32.719,14.652,18.733,0.309,15.0,2016
달서구,246.0,60000.0,297.0,0.9,0.997,192.2,11.8,180.6,1.5,36.626,8.067,1.6909999999999998,0.097,155.0,2016
달성군,388.0,8875.0,160.86739130434782,1.175,0.99325,96.525,4.949999999999999,155.60000000000002,1.275,34.05825,6.2155000000000005,4.7219999999999995,0.04125,656.75,2016
당진시,1898.0,2650.0,185.60000000000002,1.375,0.9917500000000001,102.225,6.025,91.875,4.25,30.5305,7.0805,4.08875,0.8425,194.75,2016
대전시,201.0,60000.0,135.7,1.5,0.989,89.9,13.1,148.0,4.5,30.264,11.517,2.5580000000000003,0.111,107.0,2016
동해시,24.0,6500.0,1431.3,1.2,1.0,704.9,15.0,1165.0,3.4,198.701,11.026,41.294,0.272,125.0,2016
무안군,477.5,475.0,221.04999999999998,4.6,0.98,155.65,10.7,561.0,3.8499999999999996,35.075,8.547,11.3895,0.359,221.5,2016
보령시,1231.6666666666667,533.3333333333334,49.80476320582883,2.942349726775957,0.9283333333333333,63.94965391621135,6.633333333333333,30.456502732240434,1.7045369918032787,27.07015218579234,4.155107860655737,2.1061847905282334,0.25966666666666666,454.92896174863387,2016
봉화군,2354.0,350.0,372.2,3.7,0.991,605.2,10.2,201.6,6.3,49.033,5.46,15.094,0.359,586.0,2016
부산시,264.0,1600.0,70.5,3.8,0.947,79.6,8.4,121.5,3.2,65.187,7.006,3.494,0.336,96.0,2016
부안군,387.0,5100.0,178.6,1.0,0.995,123.9,10.3,277.9,5.2,52.767,10.164,3.823,0.08199999999999999,14.0,2016
부여군,9736.0,200.0,246.1,1.44,0.995,416.0,4.76,100.28,1.28,28.15,3.23,0.47,0.03,5.71,2016
사천시,29037.5,2925.0,333.95,2.0,0.9944999999999999,147.65,9.05,104.05,4.4,39.316,5.759,6.2435,0.451,609.0,2016
산청군,28.0,50.0,0.4,0.3,0.25,1.6,1.4,0.2,0.2,0.629,0.52,0.026,0.056,0.0,2016
상주시,46.0,450.0,40.8,0.8,0.981,33.4,2.8,56.2,1.4,7.551,3.443,1.5319999999999998,0.052000000000000005,12.0,2016
서귀포시,1929.6923076923076,2584.730769230769,84.60769230769232,4.2115384615384635,93.39250442807689,53.5,10.011538461538462,132.60930229999997,7.661627906999998,31.53557692307692,13.706384615384614,3.9486538461538463,1.4609615384615384,248.76923076923077,2016
서산시,817.25,3937.5,214.6325,3.3175000000000003,0.9824999999999999,129.96249999999998,9.477500000000001,146.0625,2.8049999999999997,48.612750000000005,11.0855,5.008500000000001,0.717175,129.0,2016
서천군,911.0,700.0,380.255,1.565,0.9944999999999999,183.89,9.370000000000001,183.68,3.125,45.007999999999996,7.234,8.021,0.85,124.815,2016
성주군,801.5,2100.0,117.15,4.949999999999999,0.9275,84.2,8.7,99.5,1.85,22.850499999999997,5.808,1.874,0.0405,29.0,2016
세종시,2039.0,1650.0,270.54,3.7600000000000002,0.9837999999999999,164.23915384615384,8.384375,203.3767692307692,3.6645283018867922,35.496553846153844,9.157803125000001,4.223946153846154,0.15702187499999998,395.0692307692308,2016
속초시,282.0,4000.0,3296.8,1.5,1.0,1403.0,7.1,1676.0,2.8,196.807,5.806,56.265,0.733,16.5,2016
아산시,11114.0,41100.0,346.07303963893236,1.2051352969578712,0.9939999999999999,172.5040824233578,8.085829717143252,80.6791458427996,1.2987730008012726,38.559854705736264,7.3411633810641765,2.775683534217163,0.3437861014184008,32.22802197802198,2016
안동시,78.0,1500.0,272.6620218579236,1.7155737704918026,0.994,209.2726229508197,6.914754098360659,160.12021857923497,1.5866120218579225,34.520566120218604,5.886867213114755,4.937034426229505,0.06875956284152994,49.114754098360656,2016
안성시,1569.5,7000.0,93.45,1.75,0.981,76.75,10.6,83.55000000000001,3.25,26.070999999999998,7.338500000000002,2.3955,0.1855,340.5,2016
양산시,167.0,11500.0,358.0,2.2,0.9944999999999999,249.25,10.45,199.4,2.0,31.7735,7.1245,5.588,0.038000000000000006,101.5,2016
양양군,163.0,1200.0,817.8,4.7,0.995,639.6,10.0,696.1,1.6,201.443,8.024,24.206,0.393,43.0,2016
양주시,3931.5,12000.0,489.20000000000005,2.535,0.997,304.14,18.95,363.265,3.61,71.62950000000001,9.188500000000001,6.0205,0.0505,138.88,2016
여수시,12031.0,46166.666666666664,44.43333333333334,1.6560109289617488,0.9633333333333333,92.3510018214936,15.836612021857924,108.4096539162113,2.8362477231329692,30.298459927140254,11.710254098360656,2.868506375227687,0.5220109289617487,27.927140255009107,2016
연천군,242.5,9750.0,253.0,11.549999999999999,0.964,228.65,25.95,85.25,9.5,17.3095,6.422,2.152,0.0745,17.0,2016
영광군,762.5,1050.0,109.30000000000001,3.15,0.9684999999999999,64.15,7.8,73.6,5.15,40.0585,13.728,6.859,0.6165,13.0,2016
영암군,10670.5,3150.0,121.1,1.49,0.988,77.42,7.8999999999999995,92.78,1.8650000000000002,22.761694444444448,5.97919696969697,4.4885,0.066,53.5,2016
영양군,58.0,650.0,288.0,1.9,0.994,226.3,6.2,205.5,4.5,26.391,6.836,5.565,0.116,30.0,2016
영월군,11400.0,430.0,301.1,4.8,0.985,226.3,17.5,301.5,1.5,66.039,9.493,11.616,0.097,0.0,2016
영천시,285.5,1300.0,98.64999999999999,3.5,0.931,77.2,7.2,179.85,6.6,38.164500000000004,10.491499999999998,3.2584999999999997,0.146,169.0,2016
예산군,1582.75,1237.5,290.66499999999996,2.8725000000000005,0.98775,163.27499999999998,16.945,294.7,7.675,45.022,10.862750000000002,5.6579999999999995,0.9837499999999999,350.0,2016
예천군,8.0,450.0,302.6,4.3,0.986,259.7,22.9,475.0,5.3,15.314,2.599,1.346,0.16699999999999998,66.0,2016
옥천군,280.0,500.0,41.8,3.9,0.907,76.6,6.86,9.49,1.88,26.897,6.337999999999999,1.853,0.09,10.5,2016
완도군,88237.0,1750.0,107.4,4.4,0.96,92.4,5.2,38.1,1.5,43.353,10.749,5.086,0.341,73.0,2016
완주군,167.0,18000.0,133.9,1.0,0.993,85.5,8.8,150.4,1.7,33.043,6.603,2.18,0.036000000000000004,48.0,2016
울주군,1313.0,85000.0,76.6,0.9,0.989,105.0,20.3,82.4,1.7,22.135,8.738,2.264,0.17,261.0,2016
원주시,655.5,1950.0,161.6094,0.9729165,0.9944999999999999,109.44999999999999,5.15,151.5,0.55,33.7735,7.089500000000001,3.9265,0.067,116.0,2016
음성군,537.8333333333334,2800.0,188.886954248366,3.7885000000000004,0.9761666666666665,170.47431666666668,8.529666666666667,255.62966666666668,3.531333333333334,58.118,5.2716666666666665,8.182666666666668,0.10983333333333334,252.24166666666667,2016
의령군,350.0,900.0,1005.4,1.7,0.999,766.0,3.7,820.8,0.6,112.474,4.705,14.775,0.046,117.0,2016
익산시,6309.75,10437.5,76.925,2.8000000000000003,0.9285,70.95,6.25,127.02499999999998,2.8000000000000003,22.71725,5.885,2.5752499999999996,0.044000000000000004,14.325,2016
인제군,19506.0,250.0,546.6,0.6,0.999,445.7,8.6,253.7,1.1,36.503,2.417,5.144,0.027000000000000003,30.0,2016
인천시,48909.0,3000.0,325.7,4.1,0.988,225.4,26.0,240.89803921568625,1.0515710382513663,53.762999999999984,21.26428711293259,4.894333333333333,0.4519419398907106,355.58333333333326,2016
장성군,72.0,300.0,113.2,2.2,0.981,71.2,5.5,117.9,5.1,29.52,6.2120000000000015,3.763,0.224,119.0,2016
장흥군,2164.5,1150.0,1392.05,2.14,0.944,541.055,4.005,806.12,0.515,243.1345,4.3469999999999995,26.509999999999998,0.28049999999999997,18.46,2016
전주시,22013.0,230.0,2328.0,3.0,0.999,1460.0,3.0,292.0,1.0,73.741,2.355,1.208,0.034,41.0,2016
정선군,2910.0,250.0,141.7,0.8,0.995,64.9,3.8,118.3,1.1,22.566,3.675,3.1710000000000003,0.097,30.0,2016
정읍시,225.0,600.0,87.4,2.3,0.974,58.2,10.3,99.2,2.2,27.723000000000006,12.847,3.548,0.081,524.0,2016
제주시,6732.0,7601.272727272727,95.31363636363635,5.654545454545455,90.02510736954547,46.89090909090908,8.345454545454544,132.60930229999997,7.661627906999999,32.91336363636363,11.175727272727274,4.402318181818182,1.1747272727272728,105.31818181818181,2016
증평군,333.0,2500.0,35.6,0.6,0.984,28.3,5.3,51.39,0.4,36.739,11.436,0.499,0.057,0.1,2016
진주시,237.0,11083.333333333334,173.6,2.066666666666667,0.9876666666666667,139.01,7.436666666666667,203.82333333333335,2.04,43.67133333333334,6.658,4.310333333333333,0.053,6.0,2016
진천군,71.5,8250.0,227.5,3.15,0.9864999999999999,135.5,6.9,253.35000000000002,3.7,37.87,7.8774999999999995,4.6455,0.153,689.0,2016
창녕군,47.0,1200.0,82.5,1.3,0.985,69.8,5.9,148.4,1.8,27.707,2.827,2.971,0.021,30.0,2016
창원시,730.0,2000.0,148.9,0.5,0.997,78.6,3.2,80.3,1.3,44.58600000000001,3.268,4.228,0.059,2.0,2016
천안시,2986.6,12840.0,111.194,1.1600000000000001,0.9902,84.02000000000001,6.58,104.3,1.9,29.025599999999997,7.6622,3.2992000000000004,0.4004,53.8,2016
청도군,56.0,600.0,840.4,3.0,0.997,592.5,11.5,1358.0,2.7,36.548,2.593,3.3560000000000003,0.04,199.0,2016
청양군,1610.0,400.0,572.6333333333333,4.439333333333334,0.9526666666666666,466.07666666666665,8.336666666666666,681.8233333333333,3.6543333333333337,30.649,4.867333333333334,3.168333333333333,0.17333333333333334,3.6666666666666665,2016
청주시,5463.0,27937.5,341.04999999999995,1.9249999999999998,0.988,166.825,6.875,179.825,1.875,42.372749999999996,6.736000000000001,5.2635,0.038500000000000006,69.5,2016
충주시,1191.0,3433.3333333333335,142.73333333333332,3.3333333333333335,0.9766666666666666,124.93333333333334,10.466666666666667,125.89999999999999,3.0666666666666664,30.828,8.139000000000001,2.5596666666666668,0.18200000000000002,7.0,2016
칠곡군,62.0,400.0,168.4,1.2,0.993,161.1,4.0,92.1,3.0,24.64,9.271,2.469,0.036000000000000004,0.0,2016
통영시,2721.0,3000.0,227.4,1.7,0.993,138.5,5.3,226.1,0.9,47.694,6.622000000000001,6.8820000000000014,0.075,28.0,2016
파주시,1891.5,53047.5,168.7425,2.165,0.9857499999999999,186.60750000000002,10.51,103.9975,2.6849999999999996,30.63575,4.97525,2.694,0.07775,27.5,2016
평창군,269.0,200.0,1484.3,2.7,0.999,1088.0,33.2,1054.4,4.6,165.63099999999997,11.578,30.897,0.234,0.3,2016
평택시,5353.25,4075.0,161.375,1.375,0.9905,84.95,6.4,128.25,1.275,31.14875,7.245875,3.36975,0.05275,56.55,2016
포천시,1080.0,14000.0,292.3,6.7,0.98,342.1,17.9,243.7,2.8,29.229,8.505,13.841,0.044,37.0,2016
포항시,735.0,350.0,299.3,3.3,0.989,231.6,19.1,222.9,4.1,35.554,10.175,3.372,1.089,349.0,2016
함안군,287.5,4125.0,78.15,1.9999999999999998,0.9532499999999999,84.075,10.125,168.10000000000002,4.625,28.8945,7.7940000000000005,4.2375,0.1005,699.75,2016
함평군,38.0,400.0,7.3,7.7,-0.055,73.5,30.1,88.0,7.3,50.091,52.228,9.858,4.801,273.0,2016
합천군,1328.5,1700.0,78.95,7.5,0.8835,78.5,21.15,49.599999999999994,7.3,19.425,9.679,2.9025000000000003,0.3825,1246.0,2016
해남군,422.0,200.0,43.8,3.5,0.921,30.8,6.7,92.5,4.1,14.289,10.616,1.91,0.967,155.0,2016
홍성군,1454.5,350.0,162.9,4.65,0.971,89.2,7.699999999999999,73.0,2.5,57.40599999999999,12.2325,3.65,0.6205,0.0,2016
홍천군,34031.0,260.0,1354.8375,69.1,0.949,650.3041666666667,46.44166666666666,579.5958333333333,1.8,37.24091666666666,2.667666666666665,11.725749999999998,0.026,0.0,2016
화성시,49067.0,2500.0,129.26666666666665,2.2133333333333334,0.9856666666666666,93.61466211293259,8.766666666666667,120.66794171220401,1.8919854280510002,41.797237704918025,6.877498178506375,4.398890710382513,0.09391894353369763,20.39071038251366,2016
화순군,83.0,1200.0,109.6,3.7,0.967,77.1,11.2,95.7,4.4,24.407,8.004,4.393,0.146,43.0,2016
횡성군,52497.5,490.0,691.0565,1.3173915,0.9984999999999999,359.635,7.9399999999999995,415.04499999999996,1.163,55.584990000000005,8.53675,10.4745,0.0635,0.0,2016
강릉시,1233.3232876712332,2600.0,4025.92,1.08,0.9997317383355854,1524.43,12.1,1522.9,0.9,418.81,11.244000000000002,66.72399999999999,0.057,0.0,2017
거창군,251.4438356164384,1300.0,311.3,1.6,0.9948602634115,222.8134615384616,10.117307692307692,385.5576923076923,0.8038461538461541,36.965769230769226,3.9137884615384615,4.641769230769231,0.061980769230769214,23.153846153846153,2017
경산시,81296.63835616439,100000.0,160.7,4.0,0.9751088985687616,97.9,8.8,155.9,2.5,42.119,10.858,4.48,0.097,359.0,2017
경주시,66.04931506849314,200.0,230.5,2.5,0.9891540130151844,89.3,7.1,72.6,1.89,56.309,5.577000000000001,4.279,0.268,69.0,2017
고령군,1347.382191780822,1730.0,940.95,2.95,0.8862519608468096,559.175,8.45,206.72,2.8625,52.371249999999996,5.26575,8.63275,0.05675000000000001,89.1525,2017
고성군(강원),74.63287671232877,220.0,300.925,1.4,0.9953476779928554,77.808,7.825,144.6167,0.991667,28.175,2.15,8.219,0.363917,6.25,2017
고성군(경남),606.8219178082193,1000.0,1291.3,1.7,0.9986834972508324,343.5,21.9,166.8,2.3,327.6,25.0,3.5,1.7,68.4,2017
고흥군,185.6410958904109,400.0,981.8,2.7,0.9972499490731308,540.2,7.3,542.4,1.1,38.899,5.667000000000002,18.182,1.5419999999999998,25.7,2017
공주시,240.5830136986302,682.0,571.6800000000001,1.9460000000000002,0.9951625673324435,335.36,8.216000000000001,401.58000000000004,3.0839999999999996,67.261,11.354000000000001,8.2544,0.0852,15.319999999999999,2017
광양시,1148.4465753424658,3200.0,89.1,4.5,0.9494949494949496,86.9,21.7,131.3,2.0,48.7,7.1,5.0,0.4,5.6,2017
괴산군,196.22328767123287,775.0,116.75,1.55,0.9835769818041835,84.55,9.3,137.55,3.25,34.7595,10.994,5.0504999999999995,0.121,138.5,2017
구례군,321.2671232876712,350.0,195.235,4.785,0.9630219910839912,91.125,9.35,77.155,4.305,19.369500000000002,3.5225,1.9455,0.2605,328.5,2017
구미시,213.15890410958903,540.0,315.4,1.4,0.9955611921369688,183.7,7.9,106.6,3.0,34.719,4.595,5.122999999999998,0.076,35.0,2017
군산시,11603.428767123287,15150.0,205.95,2.6,0.9819449923628603,134.65,12.95,147.85000000000002,3.8,53.994,11.0625,4.2615,0.31,23.9,2017
군위군,177.2287671232877,600.0,446.1,2.435,0.9031099393988453,212.9,5.35,353.8,2.5999999999999996,47.654,6.833,10.236,0.1,48.55,2017
금산군,420.2616438356164,770.0,89.14500000000001,2.1750000000000003,0.9312750698235681,101.07,4.6525,186.40749999999997,3.9347499999999997,30.126000000000005,7.2067499999999995,4.568275,0.147975,368.25,2017
기장군,401.6356164383562,1000.0,146.7,4.4,0.9700068166325836,106.6,10.1,65.3,2.5,52.492,8.443999999999999,6.8870000000000005,0.647,103.0,2017
김포시,2343.0,3400.0,288.7,1.6,0.9944579147904399,183.3,9.0,249.8,0.5,69.251,6.4620000000000015,8.193999999999999,0.03,2.0,2017
김해시,145.69223744292233,390.0,93.0,3.8666666666666667,0.9584163630930455,76.83,12.333333333333334,69.23,4.09,31.453999999999997,13.317333333333332,3.685333333333334,0.15366666666666667,330.4723333333334,2017
나주시,157.30867579908673,640.0,476.5333333333333,2.9333333333333336,0.9874374425190497,388.56666666666666,6.6000000000000005,1040.3333333333333,2.1,67.50733333333334,6.976333333333334,30.319333333333333,0.132,37.666666666666664,2017
논산시,411.9324200913243,933.3333333333334,474.9666666666667,4.816666666666666,0.9892490821033255,347.0333333333333,13.483333333333334,532.6666666666666,5.133333333333333,61.13366666666667,9.271533333333332,8.173166666666667,0.1135,168.16666666666666,2017
단양군,18.0,110.0,85.9,6.6,0.9231664726426076,66.1,9.4,44.6,4.1,44.139,10.84,17.715999999999994,0.217,67.0,2017
달서구,33350.30684931507,60000.0,234.9,0.6,0.9974457215836526,189.0,11.0,230.8,1.3,23.011,8.467,1.069,0.085,172.6,2017
달성군,5753.596575342466,8875.0,151.45000000000002,1.0875,0.992823342187517,92.07499999999999,5.9750000000000005,157.9,1.4000000000000001,33.455,6.705,4.01775,0.0335,1177.825,2017
당진시,2080.017123287671,2650.0,176.39928571428572,1.6714285714285713,0.9847687761106025,99.20464285714286,6.971214285714287,84.78500000000001,4.53625,28.01575,7.884857499999999,2.536,0.6261749999999999,272.89575,2017
대전시,51188.82191780822,60000.0,159.0,1.5,0.9905660377358492,92.3,12.6,161.0,4.1,35.108000000000004,8.355,3.337,0.118,122.0,2017
동해시,1779.5452054794519,6500.0,1524.9,1.6,0.9989507508689094,575.5,17.1,1008.5,3.2,159.47799999999995,10.204,34.448,0.299,208.0,2017
무안군,162.3068493150685,475.0,177.60000000000002,2.15,0.9889530536587403,139.85,10.149999999999999,421.35,4.2,32.9135,11.383500000000002,11.657,1.3820000000000001,398.15,2017
보령시,277.93242009132416,533.3333333333334,205.48460273972606,2.4393150684931513,0.9823854040058881,94.57442009132426,5.4618565656565705,282.02718721461184,2.6335353535353536,36.48447344322344,10.174179797979795,4.183463744292237,0.6082790909090908,313.72146118721463,2017
봉화군,155.8958904109589,350.0,307.4,3.7,0.9879635653871176,230.8,9.5,181.0,5.2,38.928,5.182,11.83,0.358,592.0,2017
부산시,138.07397260273973,1600.0,71.8,2.1,0.9707520891364902,88.5,6.8,160.3,2.4,49.179,6.912000000000001,5.033,0.318,13.8,2017
부안군,3171.652054794521,5100.0,287.0,1.2,0.9958188153310104,164.4,10.7,393.8,5.6,104.377,11.878,5.38,0.059,1.0,2017
부여군,76.87945205479453,200.0,122.9,2.7,0.9780309194467046,117.3,4.6,58.3,2.0,21.97,3.4130000000000003,0.246,0.04,1.5,2017
사천시,1231.7575342465755,2925.0,271.8,2.005,0.9933554044446512,96.3,7.7,80.1,3.5,32.505,5.726,3.919,0.507,669.0,2017
산청군,22.351232876712327,50.0,0.158,0.154,0.02531645569620256,0.892,0.85,0.308,0.258,0.329,0.28800000000000003,0.014,0.006,0.0,2017
상주시,173.61232876712324,350.0,66.2,0.7,0.987362046389824,43.15,1.8,54.900000000000006,1.05,13.759,3.1189999999999998,1.8825,0.032,5.8,2017
서귀포시,2037.104,3025.32,87.396,4.747999999999999,93.62799999999999,54.17199999999999,10.303999999999998,99.76799999999999,4.932,34.476000000000006,13.212,10.239999999999998,1.4679999999999995,376.08,2017
서산시,1177.6062328767123,3937.5,278.1,3.22225,0.9864349320134307,141.95,9.1875,204.425,3.18,54.07825,10.243500000000001,7.116250000000001,0.3695,107.9875,2017
서천군,275.35205479452054,700.0,488.74,2.465,0.9950011937162515,232.315,3.75,236.41500000000002,4.135,59.415,8.74,12.85,0.6000000000000001,41.0,2017
성주군,641.3378995433791,1616.6666666666667,106.63333333333333,5.833333333333333,0.9052338959527138,65.03333333333335,10.033333333333333,61.03333333333333,1.7333333333333334,17.115666666666666,6.4316666666666675,1.961,0.050333333333333334,14.646666666666667,2017
세종시,1555.5232876712328,2566.6666666666665,177.78333333333333,2.4166666666666665,0.9838131552241135,98.0,8.6,100.88333333333333,3.0666666666666664,26.595,7.225999999999999,2.8380000000000005,0.08600000000000001,257.48333333333335,2017
속초시,1403.6821917808222,4000.0,3409.2254901960773,1.264705882352941,0.999629034252504,1853.9215686274508,6.6905882352941175,1643.3986928104575,0.2705882352941161,200.01977261492829,7.804492777503159,49.371042077117956,0.7836634534196453,12.68627450980392,2017
아산시,29748.42622309198,41100.0,328.99224509803923,1.7042819727891156,0.9898657554935271,171.68143928299295,7.802251099351913,90.3835294117647,1.454853651020788,76.6149374232987,7.1713390835140896,2.9357911569447057,0.2961152526306204,184.08873809523809,2017
안동시,2088.652054794521,3000.0,264.8,1.1639298515104963,0.9956044945184648,222.3,5.4544175627240135,228.2,1.8705913978494624,43.298,4.606,7.872000000000001,0.0616666026625704,54.22926267281105,2017
안성시,4310.45,7000.0,73.6,1.9500000000000002,0.9659310951842072,76.15,11.05,79.4,3.15,25.674500000000002,7.692,2.371,0.185,273.5,2017
양산시,5170.293150684931,11500.0,392.6,1.95,0.9952722260213585,255.7,8.9,256.25,2.2,33.4255,6.101000000000001,5.5225,0.027500000000000004,108.75,2017
양양군,542.0,1200.0,824.9,2.7,0.9967268759849679,684.3,7.12,729.1,2.36,227.017,8.55,19.309,0.39,150.0,2017
양주시,5434.2,12000.0,588.5,2.05,0.9964457544069651,381.1,20.25,464.20000000000005,4.4,74.92750000000001,8.8715,6.7935,0.07150000000000001,106.175,2017
여수시,35634.45570776256,46166.666666666664,47.20194145758661,1.5659020310633214,0.96697190328282,85.9474432497013,15.003055555555553,100.41311230585426,2.953784348864994,29.630275716845876,10.193914008363201,3.0114858124253288,0.564388679808841,23.365412186379928,2017
연천군,5768.65,9750.0,262.25,3.6,0.9863286117122434,302.75,17.15,99.7,2.65,27.366,6.227,3.0475000000000003,0.082,19.25,2017
영광군,81.91643835616438,1050.0,93.85,3.4,0.9666032191277631,67.55000000000001,7.65,123.65,5.550000000000001,41.352,12.042000000000002,6.9785,0.6805,15.5,2017
영암군,1407.6876712328767,3150.0,94.4,2.35,0.9706223029752442,69.8,7.300000000000001,91.25,1.35,26.7765,7.6455,4.2620000000000005,0.1105,72.5,2017
영양군,51.169863013698645,650.0,257.5,1.7,0.9933980582524272,142.6,3.7,144.4,2.1,25.789,5.032,4.106,0.043,30.0,2017
영월군,52.682191780821924,430.0,330.0,1.72,0.9947878787878788,243.75,15.29,425.22,2.06,81.03,5.699,13.092,0.03725,30.0,2017
영천시,536.0547945205478,1300.0,81.0,3.3,0.9332342624574933,76.7,7.3999999999999995,171.85,5.35,32.152,10.1465,4.1395,0.1005,163.5,2017
예산군,370.95479452054786,1237.5,255.975,7.9750000000000005,0.9770944017648895,149.975,15.0,246.77499999999998,5.775,42.81125,11.6025,4.636,0.47175,108.675,2017
예천군,169.75205479452055,425.0,407.15,4.4,0.9882929523666866,274.7,24.65,409.85,6.1,28.056,3.6625,5.7315,0.2385,78.2,2017
옥천군,19.898630136986306,500.0,33.7,2.9,0.913946587537092,69.7,6.1,4.6,1.9,23.096,13.79,1.246,0.04,5.0,2017
완도군,632.4465753424657,1750.0,94.8,3.3,0.9651898734177216,88.1,4.7,51.3,1.2,44.833,11.332,3.766,0.172,56.1,2017
완주군,11295.526027397258,18000.0,122.5,1.8,0.9853061224489796,76.7,9.86,146.3,1.63,30.038,9.07,3.362,0.04,38.37,2017
울주군,30785.363013698632,43050.0,113.05,0.95,0.9914023280546422,109.45,12.0,116.5,1.2,37.1345,5.419499999999999,3.992,0.133,86.5,2017
원주시,1444.4123287671232,1950.0,150.65,0.9,0.9937906351587896,103.4,5.25,136.3,0.55,34.884,7.372999999999999,4.607,0.053,229.0,2017
음성군,2057.937899543379,2800.0,249.16666666666666,2.9166666666666665,0.9820259195796691,191.91666666666666,9.716666666666667,228.73333333333335,4.0,41.7651,6.043166666666667,8.511666666666667,0.10966666666666668,160.16666666666666,2017
의령군,469.78904109589035,900.0,789.9,1.1,0.99860741866059,455.9,3.8,622.3,1.2,106.023,4.75,11.204,0.018000000000000002,59.0,2017
익산시,5805.763698630137,10437.5,89.375,2.6499999999999995,0.8673170762394721,83.775,7.550000000000001,230.27500000000003,3.45,23.3765,6.493,2.6260000000000003,0.04700000000000001,10.55,2017
인제군,81.41095890410959,250.0,1151.3,1.3,0.998870841657257,724.5,10.5,398.7,2.9,70.51100000000002,2.937,10.029,0.055,0.6,2017
인천시,1765.4054794520548,3000.0,401.2,5.3,0.98678963110668,258.2,14.4,625.2,1.9,57.775,11.884,10.699000000000002,0.701,1.0,2017
장성군,179.99726027397259,300.0,96.6,2.3,0.9761904761904762,49.7,7.2,63.9,4.2,19.734,7.474,2.903,0.199,35.0,2017
장흥군,48.22602739726027,1150.0,1304.3500000000001,0.8500000000000001,0.89757368059119,431.65,5.75,386.85,1.0,122.5945,5.16,27.764499999999998,0.175,17.5,2017
전주시,10.865753424657534,230.0,968.3,2.5,0.9974181555303108,799.6,4.0,101.9,1.4,74.5,3.3,1.4,0.03,50.7,2017
정선군,6.665753424657535,250.0,150.2,0.8,0.9946737683089214,117.7,4.1,397.8,0.9,31.962,7.858,5.122999999999998,0.123,34.0,2017
정읍시,251.7424657534246,600.0,468.0,5.1,0.9891025641025641,493.5,9.3,366.8,3.6,59.215,14.697,22.67,0.049,200.0,2017
제주시,7238.642857142857,7963.333333333333,166.8095238095238,4.790476190476191,96.98095238095237,63.58095238095238,8.3,171.91428571428568,5.333333333333333,38.15433333333334,10.829190476190476,9.873142857142856,1.2765714285714285,290.04761904761904,2017
증평군,1216.2712328767122,2500.0,49.9,0.7,0.9859719438877756,29.7,4.7,45.0,0.3,36.898,9.861,0.618,0.034,0.1,2017
진주시,7261.160730593608,11083.333333333334,200.1,1.4470319634703195,0.9925466719925683,144.16666666666666,9.193242009132419,225.6,2.111689497716895,43.24466666666666,7.52,4.527333333333334,0.06117808219178081,7.337899543378995,2017
진천군,6873.808219178081,8250.0,171.395,2.11,0.9860605367916919,117.47999999999999,6.8,156.63,3.885,28.875500000000002,6.579000000000001,4.0089999999999995,0.0815,116.29,2017
창녕군,408.145205479452,1200.0,92.5,0.5,0.9945945945945946,61.4,5.3,140.0,1.6,28.938,5.045,2.642,0.046,30.0,2017
창원시,536.6575342465753,2000.0,173.0,0.4,0.9976878612716764,91.1,3.5,103.9,0.4,49.614,2.4,4.708,0.013,2.0,2017
천안시,6741.797260273973,12840.0,115.8,1.34,0.986807534373798,80.58000000000001,5.460000000000001,120.5,2.52,31.71,7.6232,4.22938,0.40518,38.36,2017
청도군,200.61369863013698,600.0,297.57,2.42,0.991867459757368,155.62,8.94,141.0,2.13,16.967,4.333,1.554,0.039,15.875,2017
청양군,321.83652968036535,400.0,854.8000000000001,5.6000000000000005,0.9789126662135713,467.73333333333335,19.266666666666666,592.0333333333333,4.333333333333333,46.855333333333334,6.152000000000001,6.145666666666666,0.5646666666666667,268.6666666666667,2017
청주시,18591.959589041096,27937.5,355.7,1.8499999999999996,0.9892617690647562,157.3,7.949999999999999,202.05,2.1,42.194750000000006,7.453,5.5847500000000005,0.05625,96.5,2017
충주시,1449.4164383561645,3433.3333333333335,135.56666666666666,1.9666666666666668,0.9853562732380322,120.89999999999999,5.433333333333334,137.76666666666665,2.933333333333333,34.582666666666675,7.946666666666666,3.254,0.10366666666666667,10.666666666666666,2017
칠곡군,94.56657534246577,400.0,267.6,1.27,0.9952541,228.34,4.2,41.25,2.9,24.51,5.99,2.38,0.034,8.04,2017
통영시,1033.0,3000.0,189.9,1.2,0.9936808846761452,115.9,4.7,182.8,1.1,47.343,7.109,6.186,1.046,37.0,2017
파주시,40395.51095890411,53047.5,216.625,2.0749999999999997,0.9916543658313052,110.675,10.025,93.025,2.1750000000000003,28.6825,4.9795,3.0067500000000003,0.12475,25.5,2017
평창군,101.22191780821915,200.0,1949.4,8.0,0.9958961731814916,1667.2,39.6,3043.8,7.8,189.133,17.683,29.753,0.31,16.0,2017
평택시,2057.7,4075.0,160.83732876712327,1.1502739726027396,0.9917817472684503,91.95616438356166,6.313630136986301,139.5117808219178,1.2652397260273964,31.431451923076928,6.4991143835616425,3.5043124999999993,0.04593150684931506,45.554838709677426,2017
포천시,7363.750684931507,16375.0,735.0280280312902,4.9360795306388505,0.9886591648209138,624.7079172099087,23.021230769230776,742.7430671447195,4.396153846153848,96.80384615384617,10.000884615384617,11.343081975228163,0.1241153846153846,57.26425531914894,2017
포항시,38.27945205479452,350.0,278.9,3.4,0.9878092506274648,236.6,16.4,210.9,3.2,36.171,9.659,2.359,0.598,232.83,2017
함안군,2894.353424657535,4125.0,79.15,1.9500000000000002,0.9593857180674816,77.85,9.15,179.375,2.175,37.50750000000001,6.67175,3.5202500000000003,0.06570833333333334,415.6925,2017
함평군,63.15068493150685,400.0,163.9,28.6,0.825503355704698,87.2,32.4,77.1,7.7,63.3,50.8,3.6,2.15,2512.9,2017
합천군,679.9780821917807,1700.0,98.5,3.045,0.9573639669075988,78.565,8.629999999999999,132.425,2.045,6.696999999999999,3.923,0.9604999999999999,0.067,18.815,2017
해남군,122.32328767123288,200.0,47.0,5.0,0.8936170212765957,36.7,6.9,136.6,4.8,27.594,9.174,2.074,0.703,202.0,2017
홍성군,97.11780821917807,350.0,132.65,3.735,0.9705122153638674,77.35,7.055,66.75,3.925,41.3785,10.928,3.5774,1.0226,9.0,2017
홍천군,141.5041095890411,260.0,1568.1,9.0,0.9942605701167018,928.7,19.1,1477.2,1.9,37.9,4.6,21.5,0.33,29.5,2017
화성시,1227.5,2500.0,129.36666666666665,2.3000000000000003,0.9822482130188157,100.86666666666667,9.960091324200926,127.87305936073058,2.2803652968036543,43.08323013698631,6.680421468002462,4.604702283105023,0.11749436379745097,16.517808219178082,2017
화순군,302.9917808219178,1200.0,124.6,5.0,0.9598715890850722,91.3,13.4,108.5,4.7,24.531,7.3889999999999985,3.771,0.149,53.0,2017
횡성군,327.8095890410959,490.0,542.4,0.6,0.9988859800931646,318.15,7.9,386.20000000000005,0.7000000000000001,56.435500000000005,5.129000000000001,10.3255,0.0435,2.0,2017
강릉시,1440.5,4100.0,4462.687884615386,1.1274038461538465,0.9997473711190872,1674.0503846153842,12.088681318681314,1561.909708737864,1.3046575342465745,430.3230192307694,10.602881868131874,64.2081826923077,0.18101098901098905,1.9134615384615383,2018
거창군,310.57534246575335,1300.0,207.8473652331921,1.5826923076923074,0.9923853145508166,179.1076923076923,9.528846153846152,293.36538461538464,0.9653846153846152,34.862809615384606,3.9372961538461535,2.9901538461538464,0.05051923076923078,2.8461538461538463,2018
경주시,102.61388888888894,200.0,185.84583333333333,2.316666666666667,0.9875344707755084,109.02916666666664,5.175,58.80416666666667,1.6291666666666669,46.898875,3.1392916666666664,4.434458333333333,0.06758333333333334,15.0,2018
고령군,1340.8035655103845,1730.0,1035.4083333333333,3.1098541666666666,0.898480889972787,700.3031249999999,7.5957863859777195,278.09354166666674,2.422621176850771,55.34480208333332,6.099897292226888,9.214291666666668,0.07053543860507355,80.5246212121212,2018
고성군(강원),98.11232876712327,220.0,784.3895833333335,5.977083333333333,0.9923799557511548,228.18750000000009,9.925,307.21875000000006,0.8749999999999999,49.36937499999999,2.9765208333333333,7.4823958333333325,0.19454166666666664,99.85416666666669,2018
고성군(경남),557.2,1000.0,1337.5375,3.6291666666666655,0.997286680435751,373.90833333333336,27.866666666666664,195.95,2.9625000000000004,385.8097083333333,34.53916666666667,12.363708333333335,0.8865416666666667,30.0,2018
고흥군,258.6573033707865,400.0,1227.5375,6.229166666666668,0.9949254774972928,858.5500000000003,11.033333333333333,711.6999999999997,2.270833333333333,154.137125,9.314916666666667,46.85320833333334,1.9360833333333336,9.5,2018
공주시,241.18354196624537,682.0,444.0337768342429,1.5338265147390524,0.9957891558408735,268.1957119191611,7.433360231780353,414.1214646354212,3.4016964169972255,56.896549593337554,9.9358900955381,8.892855352843764,0.1261948229032822,6.1470552396115945,2018
광양만권경제자유구역청,1158.2739726027396,3500.0,44.90328767123291,1.0210684931506857,0.9772607186220614,71.65671232876709,15.188767123287684,88.20794520547945,0.9221917808219182,26.130465753424648,8.763035616438358,2.367115068493151,0.10526301369863016,0.2493150684931507,2018
광양시,1278.86301369863,3200.0,204.09538461538463,2.079807692307692,0.989809628981924,149.64462962962963,26.26296296296297,3525.115308641975,3.8251851851851857,40.1133962264151,11.223999999999998,6.04433962264151,0.3284716981132076,5.1923076923076925,2018
괴산군,250.25,775.0,102.95588235294122,2.2000980392156864,0.9695021423979611,98.58813725490197,8.63578431372549,253.28039215686277,6.313562091503268,28.311772071813053,11.212006163283679,8.203489240707887,0.20720713343341976,10.78235294117647,2018
구례군,344.06094674556215,350.0,239.77172619047616,3.1764880952380947,0.9668450568026665,97.07261904761904,7.47172619047619,70.06934523809524,2.493154761904762,18.385267857142857,6.94441369047619,2.119122023809524,0.21541964285714285,212.61904761904762,2018
구미시,193.09315068493152,540.0,304.5833333333333,1.9677777777777783,0.9935394436844506,220.64166666666668,7.295833333333332,77.2,4.8375,35.61599999999999,2.4243333333333337,6.442,0.059378640776699035,40.958333333333336,2018
군산시,15134.17397260274,21650.0,196.5863470319635,2.731044520547946,0.9701228173229275,192.42514269406394,9.56941780821917,122.71166095890412,2.2492579908675774,64.56233515981735,11.845400913242011,4.746785958904111,0.2520635273972604,18.166666666666664,2018
군위군,169.8167123287671,600.0,309.1791666666667,3.17218137254902,0.6189123372368287,237.77083333333337,7.809372146118725,311.06666666666666,2.3473858447488585,52.78825,8.31523698630137,7.862708333333333,0.09453498858447484,26.04347826086957,2018
금산군,653.2430031612221,770.0,72.44744276168966,5.046714931031701,0.7037515270227042,80.34366126885539,6.4719373003411125,182.61783227124846,4.357316449185121,22.789984077128878,8.62295966755103,4.444588794163911,0.11548067166603498,678.2475598935225,2018
기장군,459.0,1000.0,149.7166666666666,6.016666666666668,0.9598129800734722,108.18333333333337,9.62520547945205,110.325,3.2526027397260275,47.87133333333333,6.716821917808202,6.280708333333332,0.5867123287671215,138.04166666666666,2018
김포시,2653.9835616438354,3400.0,272.5026490066228,1.7609271523178824,0.9935379448282902,175.53642384105962,7.1408333333333305,230.3443708609272,0.621944444444443,65.74933774834436,7.674509036144581,7.659642384105957,0.030469879518072236,4.105960264900662,2018
김해시,143.81689814814817,390.0,94.6736111111111,3.2472222222222222,0.9656926423729488,84.13194444444444,9.712499999999999,76.81388888888888,3.1875,35.66388888888889,11.419444444444446,4.327166666666667,0.1526388888888889,249.51388888888883,2018
나주시,151.31372963526692,640.0,472.25984299516904,3.6391787439613528,0.9892494456113159,315.964995974235,8.711666666666666,468.4104669887278,4.396316425120774,38.04013296540282,8.913526307498422,8.200514682789853,0.34578381642512074,84.19142512077295,2018
논산시,511.1207513802622,933.3333333333334,474.10555555555555,3.413888888888889,0.990120881380803,208.47277777777776,9.798611111111109,251.40027777777777,2.2480555555555557,53.46869999999999,9.718527777777778,7.82255,0.09610833333333331,99.02777777777777,2018
단양군,16.9,110.0,54.73800000000002,9.847058823529412,0.8201056154128866,50.294,13.071372549019609,50.3,9.6,32.49,14.649823529411767,3.707,0.3798627450980393,0.0,2018
당진시,2016.6862205830698,4780.0,159.8411045119264,1.6593449133359968,0.985612598535818,75.9343455427224,6.707389490613901,93.79488900597119,3.249787972900836,25.17340782311831,7.772557673850838,2.9846265956669575,0.770957840375444,287.853032538238,2018
대구시,9200.284246575344,17625.0,216.4288438210327,0.9722974900931352,0.9948818579392138,121.8691559611519,6.753552645582405,191.47419520547948,1.0351426940639268,32.758851460513796,9.204295982428931,3.9446914628955296,0.04967381422286991,190.58501299008032,2018
대덕구,52624.39452054795,60000.0,177.50493150684932,1.6824657534246568,0.9905215830391748,90.55780821917801,13.143287671232867,171.77369863013698,3.864383561643837,33.09728301886791,10.27643561643836,2.8516415094339616,0.11692328767123288,114.16981132075472,2018
동해시,1866.4493150684928,6500.0,1029.642739726028,1.1682191780821918,0.9988654130864916,448.9446575342466,12.517260273972607,864.0947945205479,2.6772602739726077,128.2171917808219,7.283868493150687,31.02174027397265,0.18162739726027394,70.46575342465755,2018
무안군,176.158904109589,475.0,155.86222826086959,2.3365036231884053,0.9873395195674429,134.7110507246377,11.925634057971012,543.0946557971014,4.389221014492754,37.22172463768116,10.495968297101449,10.905232427536232,1.4060752717391303,733.2255434782608,2018
보령시,285.6693683409437,533.3333333333334,126.28890182648405,1.8470966514459655,0.9850364358261183,84.29201902587522,5.921891933028918,129.92673287671235,2.374504102971345,31.391490144596645,10.404840715372906,4.5658754946727536,0.45706659056316584,184.21251902587517,2018
봉화군,225.11148648648648,350.0,437.72500000000014,3.4583333333333326,0.9920993013117064,277.2,9.075,223.675,6.2125,39.9315,4.7428333333333335,13.07275,0.3529166666666666,556.6666666666666,2018
부산시,167.8301369863014,1600.0,41.672,2.0040000000000004,0.951910155500096,63.44,5.768,129.93599999999998,2.24,36.46440000000001,4.81936,4.2151999999999985,0.32866666666666666,27.961538461538463,2018
부안군,3270.731506849316,5100.0,273.74022222222203,3.185804444444444,0.9883619425067236,248.45929515418487,17.999999999999982,534.2731277533039,4.9301369863013695,161.04974336283178,21.44777808219179,8.545366814159289,0.04381917808219176,3.125,2018
부여군,86.22739726027397,200.0,150.24583333333334,3.774999999999999,0.9748745112177264,159.02916666666667,6.379166666666666,73.58333333333333,4.1125,27.35275,4.407333333333334,1.0722916666666669,0.09516666666666666,1.375,2018
사천시,1388.315292144255,2925.0,243.7157407407407,1.7000000000000002,0.9932336763014017,87.69345238095238,7.618517080745342,69.21931818181818,2.724150197628458,54.53168081761006,5.912497949138638,5.196199685534591,0.36129983593109105,374.69363929146533,2018
산청군,36.8677462686567,50.0,0.2619047619047619,0.2047619047619048,0.21818181818181825,0.7857142857142857,0.6380952380952379,0.22380952380952385,0.15238095238095242,0.438095238095238,0.3380952380952381,0.014809523809523812,0.01042857142857143,0.0,2018
상주시,211.73150684931508,350.0,87.96346153846153,1.3282176549865226,0.9859153260834399,69.36057692307693,4.20451114922813,86.92403846153846,2.323315363881402,19.29905769230769,6.2632232142857145,2.5905288461538456,0.04984754043126685,2.998078266946192,2018
서귀포시,2724.3,3572.5238095238096,101.14761904761906,6.219047619047619,93.90952380952379,55.671428571428564,14.652380952380948,117.0904761904762,5.904761904761903,35.76985714285714,15.982095238095239,3.779285714285714,1.598428571428571,478.04761904761904,2018
서산시,1652.2734446755899,3937.5,276.0466346153846,3.3707311698717946,0.9868404751511397,131.0525206670922,9.040859896382154,168.55630652197044,2.788253644186863,53.043046577428456,10.088144043692063,5.791950945579316,0.4311267233052336,80.87669871794873,2018
서천군,307.56097696823724,700.0,388.07916666666665,3.7252083333333332,0.9904179066146176,263.6270833333333,11.422916666666666,288.7791666666667,4.133333333333333,55.01858333333333,7.146791666666667,10.880083333333332,0.44866666666666666,14.4375,2018
성주군,712.4886417662852,1616.6666666666667,98.25147509578544,5.7159989316239335,0.9186001673330351,73.9476896551724,11.558512080640197,87.1866618357488,2.909680075474728,19.550756198830413,6.671722538540287,2.004100510510511,0.04683813285487377,56.113688253912265,2018
세종시,1726.8164383561643,2566.6666666666665,310.94926752039925,2.710415235589968,0.9803849050342125,159.6237013309166,8.449841958911685,124.09462522934761,3.5941170628513643,28.722743170919674,6.286926531341378,3.1749697686370784,0.10991657332620547,309.2259253339018,2018
속초시,1590.3561643835615,4000.0,2977.937626610421,0.38528753783392544,0.9998706193392396,1404.156862745098,5.888235294117648,1653.656862745098,0.4235294117647061,218.13131123628798,7.859758079830992,46.1488061423905,0.6568115633309367,30.0,2018
아산시,24342.790215264187,41100.0,356.4774496336997,1.2558882783882785,0.992545321593647,178.98392857142858,8.495283882783884,68.24290293040293,1.4279304029304025,46.56036332417583,8.303648351648352,2.4199377289377293,0.22643337912087916,247.7814102564103,2018
안동시,2180.980821917808,3000.0,235.36109589041084,1.5350684931506842,0.9934778154930692,228.79835616438348,9.579452054794524,216.02794520547943,1.7753424657534271,40.171347945205504,3.50095780821918,6.746709589041092,0.06212547945205475,26.56438356164384,2018
안성시,4550.764383561644,7000.0,97.4082417582418,1.685164835164835,0.9799509538786026,75.64724137931034,9.523287671232882,90.3951724137931,2.6264383561643827,21.830361111111117,6.646358904109588,2.215697916666666,0.19143698630136988,235.4326923076923,2018
양산시,4994.634246575342,11500.0,397.56331440026736,1.8860772357723583,0.9955248854821822,265.23146673303467,9.042579597583686,214.2398189209166,1.4384918472089778,34.05329949318972,4.234847992460372,5.872321032625911,0.03157549847844847,47.383520950594104,2018
양양군,526.2520547945205,1200.0,742.7745205479453,2.152602739726027,0.9971019432140212,605.6550684931527,6.020000000000002,537.1284931506848,2.320416666666669,180.96916712328786,8.063649999999997,13.085717808219199,0.5645055555555555,54.21917808219178,2018
양주시,4947.461191575322,12000.0,442.28150037023335,1.6360824694557567,0.9961789153919253,318.0881518380148,18.71904109589041,364.3899018881897,4.355342465753427,63.838997507033795,9.334591780821917,5.574399409078699,0.053873972602739725,39.07981032665965,2018
연천군,5215.942465753425,9750.0,281.44539693926345,4.725000000000001,0.9787325058478327,316.14196556671453,12.352761214074672,95.03723098995694,3.359723341391354,29.386076682125136,4.098341095890417,3.280717842323649,0.029763738920225612,25.582855093256814,2018
영광군,82.14177350427352,1050.0,60.05199362041468,2.7032376395534294,0.9550397389136138,42.14759170653909,6.3693141945773535,74.9041945773525,5.281977671451354,34.614942424242415,7.1392775119617236,4.440931578947369,0.34130653907496017,30.66762360446571,2018
영덕군,596.64,1200.0,718.9334319526622,1.058579881656806,0.9985275689867674,425.72455621301765,5.460946745562127,317.4587537091989,2.200591715976332,145.9027633136095,9.14815384615384,17.322428994082824,0.10738757396449687,41.532544378698226,2018
영암군,1419.9808219178083,3900.0,100.222,2.856108597285068,0.9730968565922387,65.728,7.984383561643837,92.52799999999999,1.0076712328767126,20.63942,8.453868493150685,4.288379999999999,0.08929863013698625,64.4445701357466,2018
영양군,69.0,650.0,230.89166666666668,2.3708333333333336,0.9897318367199625,111.3375,6.55,128.21249999999998,3.2791666666666663,26.50991666666667,8.543407407407406,4.071208333333334,0.09011111111111116,30.0,2018
영월군,48.2,430.0,220.45,3.17,0.9856203220684964,145.875,21.808000000000003,183.9,2.95,28.961,9.843,6.517,0.142,24.5,2018
영천시,565.1872336377475,1300.0,93.67139227642278,3.4452665317139015,0.9646551053896923,134.07636054421766,9.95813008130081,126.85722789115647,4.337144308943091,56.80681420068028,9.79815701219512,5.047986054421772,0.10800558943089429,747.836775362319,2018
예산군,393.33551598173506,1290.0,278.01398334676344,3.2407867931155594,0.9861157817356192,139.2257395648671,15.516301803756274,294.6617147461724,7.086515279241306,55.44864291163039,9.68465307878262,4.79289719043782,0.5567308398933861,109.24508192318021,2018
예천군,248.33287671232875,425.0,508.6970963933018,4.6095033936651575,0.9908747607684758,270.432412893215,22.969206557830653,568.4629179009733,5.699207941339235,35.55643884892086,3.5225661662977323,8.318177175906332,0.2611419133923629,76.02970430107527,2018
옥천군,26.78931506849317,500.0,39.00833333333335,3.85,0.9013031403546252,57.75416666666667,5.5875,41.466666666666654,4.1125,30.47283333333333,12.756958333333333,1.7647916666666668,0.13166666666666665,0.625,2018
완도군,685.7,1750.0,72.9,3.0,0.9588477366255144,60.1,6.65,64.2,2.9,32.492,8.46,4.275,0.303,71.5,2018
완주군,11935.33698630137,18000.0,95.68936170212768,1.2191489361702128,0.9872593053764396,70.6531914893617,9.453424657534246,122.6808510638298,1.2438356164383566,26.97333333333333,6.912676712328775,1.7333744680851062,0.038827397260274,79.33500000000002,2018
울산시,32052.523287671233,43050.0,117.82208640674392,0.7903635405690201,0.9931673860169317,105.44859325605898,11.702565858798726,111.5431506849315,1.121016859852477,36.31047536880927,5.486965036880928,3.9531760273972596,0.105620521601686,75.9554794520548,2018
원주시,1460.0,1950.0,170.5333333333333,1.0125,0.9939328251921538,144.90416666666667,5.443887750007015,184.29583333333335,0.8453332166495748,35.07219791666667,6.9020730237741725,5.182083333333334,0.05848872384525118,111.09782608695653,2018
음성군,1622.2778864970644,2428.5714285714284,289.72954643395826,2.986592684969488,0.9825715415536953,187.22016573686324,8.920731760178606,251.24554690939922,3.249299961365782,42.91686700064643,4.953479553987032,8.250551838504633,0.08947649421552954,67.036047358731,2018
의령군,613.8657534246576,900.0,1141.8175675675675,1.1258783783783783,0.9990139594884874,418.77663080930944,6.085482445945948,555.0225225225225,1.183108108108107,103.65380472972971,6.982208108108113,11.802859459459462,0.02341216216216217,53.41095890410959,2018
익산시,421.85388127853884,3916.6666666666665,76.53665768871649,2.3538562809739276,0.8246701737410435,78.04924603174602,7.543015873015875,243.99388083735911,3.18860305958132,20.17675053418803,6.861418679549113,2.3558799840510365,0.05733670715249662,1.382293080054274,2018
인제군,96.58904109589041,250.0,890.2900000000003,1.6919999999999993,0.9980994956699504,309.95200000000006,6.9639999999999995,385.432,0.6840000000000002,71.51094,3.6629400000000008,9.9916,0.017860000000000004,111.64,2018
인천시,3657.2164383561653,9000.0,420.3846153846154,3.645384615384616,0.9913284537968892,589.3846153846154,13.036028015194686,784.1993589743588,2.7208212209302323,50.02019230769229,12.508280004859088,11.222019230769234,0.7817880539499037,1.8076923076923082,2018
장성군,645.8472328767124,900.0,111.09175724637682,1.3048007246376812,0.9869380553441707,94.36974637681159,7.61697463768116,101.25389492753621,2.2286231884057974,40.015906702898555,5.309317028985508,4.750092391304347,0.1540471014492754,1.108695652173913,2018
장흥군,63.196817888175225,866.6666666666666,437.74672008547014,1.2065867579908676,0.9455619267187482,235.94032051282042,5.963310502283105,210.9850427350427,1.4977016742770168,53.2624626068376,6.958802777777777,8.273613247863247,0.13938078386605787,19.50213675213675,2018
전주시,15.054794520547945,230.0,216.63333333333333,2.9125,0.9865556239421448,234.65416666666667,4.429166666666667,86.91874999999996,1.85,22.79583333333333,2.904166666666667,1.7214166666666668,0.0553913043478261,11.0,2018
정선군,28.6,250.0,193.61666666666667,1.0874999999999997,0.99438323147112,88.20416666666668,3.808333333333333,168.375,1.070833333333333,34.87933333333333,7.658541666666667,5.680458333333334,0.17570833333333338,4.363636363636363,2018
정읍시,332.5,600.0,76.54829166666667,3.907083333333333,0.9489592354281802,95.9495,9.547708333333334,128.67916666666667,3.109375,52.73416666666666,13.881666666666668,14.960499999999994,0.07604166666666666,35.625,2018
제주시,8626.72105263158,8798.315789473685,144.1263157894737,10.505263157894738,91.71052631578947,70.97894736842106,13.868421052631579,149.53157894736842,15.768421052631574,35.077210526315795,14.47063157894737,13.260210526315792,1.9069473684210525,345.3157894736842,2018
증평군,1161.5506849315068,2500.0,62.636438356164376,0.6249315068493158,0.9900228760885824,23.22794520547944,4.410136986301367,57.48438356164383,0.18684931506849306,28.148769863013698,7.169076712328766,1.1914082191780822,0.07881095890410961,0.0,2018
진주시,729.9192947463496,1625.0,167.58947880999733,0.7493356980296477,0.9955924025217684,101.92602156931085,5.530404117031965,214.66219424681685,1.7497262829844358,49.86514333750228,5.9301468435404825,5.2626343571238205,0.12212081479507098,6.734554979189307,2018
진천군,8370.187671232874,8250.0,275.1550684931506,3.919041095890411,0.9849548949795437,147.11210045616434,8.436904109589047,208.10095890410958,13.646575342465752,30.637145205479477,8.500647945205483,2.7097602739726017,0.15843671232876688,457.2720341173429,2018
창녕군,473.2964383561644,1200.0,81.33055555555558,0.6527777777777777,0.9919737695959562,64.27500000000002,5.37887052341598,153.77777777777774,2.4006095890410966,24.837027777777767,2.7203901346332406,1.8727222222222213,0.013392409470752084,36.458333333333336,2018
창원시,568.4356164383562,2000.0,189.98019569471631,0.4238465753424648,0.9977689960061756,99.97477859360737,3.891523329863016,107.77602739726028,0.2789041095890409,51.249043835616426,2.0105808219178094,5.090627397260271,0.008553424657534184,1.4547945205479451,2018
천안시,4393.663561643836,12840.0,114.51685363880486,1.8666198879167673,0.9845902665036437,78.19214008633874,5.0440300832661835,118.15600931370882,1.9281615149073346,43.63123562654335,7.80899030889068,4.507019674673446,0.4117280601665323,37.587008183306054,2018
청도군,238.56703910614524,600.0,179.41666666666663,2.0416666666666665,0.9886205294937296,101.33333333333331,9.975,173.78333333333333,1.866666666666667,15.070333333333336,4.147749999999999,1.325416666666667,0.018942307692307668,32.041666666666664,2018
청양군,324.93698630136987,400.0,922.0291666666667,10.37361111111111,0.9761232300638607,365.80694444444447,16.358919330289194,594.4708333333334,5.7287899543378975,38.70486111111111,8.384651674277018,4.937930555555555,0.4628935312024353,312.1277777777778,2018
청주시,17960.811872146118,27750.0,403.96347382843805,1.0929769582016167,0.9960135742563326,159.52333133274956,6.428582827397261,217.94893695170097,1.6099238964992397,46.456385646258816,5.6146805228129395,7.3819877734064745,0.05799191604497835,21.65289648622982,2018
충주시,1850.525,4075.0,113.9686320754717,1.6260377358490563,0.9821420064106878,76.97264150943394,8.483018867924528,138.5424528301887,4.197641509433963,32.41085177217525,9.17967860358036,3.9512411118516306,0.16743046905522488,10.853773584905658,2018
칠곡군,100.42712328767117,400.0,175.86666666666665,1.429166666666667,0.9918735784685369,166.47500000000005,3.6791666666666663,83.75833333333334,5.044791666666666,22.094541666666668,8.297416666666667,2.45,0.032458333333333346,56.625,2018
통영시,418.8821917808218,3000.0,53.582739726027356,1.3153424657534245,0.9754521237159788,47.192054794520615,6.1087671232876755,63.28491232876701,1.2660273972602751,36.55457808219181,7.113846575342459,3.4753945205479417,0.10203589041095876,19.9,2018
파주시,45134.87260273973,64297.5,369.51041666666663,1.2975911987555824,0.9942472117801358,116.29374999999999,9.710416666666667,117.0414897260274,2.4333333333333336,28.95840742009132,4.6663749999999995,3.3820985159817347,0.07997916666666667,28.20868758434548,2018
평창군,177.7,200.0,899.6299999999999,1.0,0.9988884319108968,393.82745098039214,6.690243902439024,872.0607843137254,0.9170731707317072,61.17117647058823,2.3226097560975614,11.272274509803927,0.02915384615384615,482.7751322751322,2018
평택시,2267.2130136986298,4075.0,167.47395506592903,1.6265833594976449,0.9872306286474434,93.13233589349475,6.498698630136989,133.61583964575652,1.3390458260803748,29.991041017928758,6.588747945205481,3.3570836562659645,0.08179697078634676,17.84530144513021,2018
포천시,8282.120547945206,16375.0,789.1441239316239,3.663490675990672,0.9913726481575852,452.2931086506085,21.410501893939408,430.08202214452206,2.0696054292929325,79.5696976171976,6.241126736111113,10.506058275058272,0.0468259785353535,24.57549099836334,2018
포항시,52.657370517928285,350.0,252.84583333333333,3.0375,0.9879867508198342,195.18750000000003,13.3125,226.7541666666667,3.3166666666666664,34.39479166666666,4.505083333333333,2.967541666666667,0.2252083333333333,358.29166666666674,2018
함안군,3074.2300398076413,4125.0,79.29375,2.769015957446809,0.9283335524036816,62.862635869565224,7.949202127659575,142.41503623188407,1.5302304964539006,27.9212821557971,5.61085505319149,1.91982427536232,0.053211879432624114,33.895833333333336,2018
함양군,16.12054794520548,500.0,30.566666666666666,2.2956521739130435,0.9248968754445024,81.32500000000002,3.321739130434783,212.2333333333333,2.15,50.84483333333333,8.394391304347828,10.160833333333333,0.11539130434782605,0.0,2018
함평군,71.67363542798499,400.0,75.13726029720063,2.2879676650534426,0.968791376852475,52.49381474287828,9.79672289041403,150.45104975952646,1.447497237888866,33.83701630903934,23.10431496120462,1.8734333302503392,0.917090704709557,1977.0542635658915,2018
합천군,648.2263106833793,1700.0,66.28943355119824,1.631980056980057,0.974541641636443,69.58867102396515,6.633903133903132,102.13300653594769,2.5194076178451184,9.534858387799563,3.7996794871794863,1.025868191721133,0.07270085470085463,354.57554945054943,2018
해남군,83.52327586206891,200.0,100.44999999999996,6.259090909090909,0.9376894882121364,127.58181818181816,8.613636363636363,1311.4499999999996,5.372727272727274,29.03059090909091,9.13131818181818,2.049272727272728,0.6070000000000001,200.0,2018
홍성군,102.48177667081778,350.0,119.61874999999998,3.3375,0.9711540112886042,91.07708333333335,7.1270833333333306,151.38125,6.804166666666667,35.24175,14.0585625,6.837458333333333,1.2306666666666668,78.25,2018
홍천군,191.54520547945202,260.0,880.3666666666667,2.983333333333334,0.996611260459657,376.275,10.595833333333333,291.475,0.8541666666666665,25.89383333333333,1.5159166666666668,10.563583333333336,0.009166666666666668,27.70833333333333,2018
화성시,1387.1689497716895,2500.0,131.98374429223745,2.4052054794520554,0.9817705103953779,113.47790241356829,10.995707762557075,136.14876712328768,2.8651141552511405,46.08009771689499,6.4950420091324235,5.418269406392693,0.1799945205479452,20.35205479452055,2018
화순군,315.86301369863014,1200.0,155.3260273972603,3.4764383561643815,0.977618442868734,111.46931506849316,14.862465753424651,163.33424657534255,3.595068493150684,48.27460701010907,8.675596339603137,7.298867599410157,0.12304004314660084,80.27945205479452,2018
환경부,42324.69706457925,50142.857142857145,124.39916676271162,2.408857142857142,0.9788431250439636,116.39861213736302,12.557445236790608,144.14752380226957,3.1479256360078276,34.3724636133749,10.170802090019565,3.3786348273222777,0.2728522426614481,90.30306269548565,2018
횡성군,244.0,490.0,575.8979166666667,1.05,0.9983268664108904,291.5083333333333,7.3999999999999995,233.38333333333335,0.6354166666666667,40.4213125,5.917041666666668,8.2255,0.0745,0.16666666666666666,2018
